_step,_runtime,General/env_index,global_step,_timestamp,Scaled_returns/evaluation_4__easy_layout_scaled,reward,Scaled_returns/evaluation_1__square_arena_scaled,General/explore,General/learning_rate,Losses/entropy,Losses/actor_loss,returned_episode_returns,General/env_step,Scaled_returns/evaluation_5__cramped_room_scaled,returned_episode,General/shaped_reward_annealed_agent0,Losses/value_loss,General/shaped_reward_agent1,Evaluation/0__smallest_kitchen,Evaluation/5__cramped_room,Advantage_Targets/targets,General/shaped_reward_agent0,Scaled_returns/returned_episode_returns_scaled,Losses/total_loss,Scaled_returns/evaluation_2__asymm_advantages_scaled,Evaluation/1__square_arena,Evaluation/3__no_cooperation,Losses/reg_loss,Evaluation/2__asymm_advantages,Scaled_returns/evaluation_0__smallest_kitchen_scaled,General/steps_for_env,Evaluation/4__easy_layout,General/update_step,explore,Scaled_returns/evaluation_3__no_cooperation_scaled,General/shaped_reward_annealed_agent1,returned_episode_lengths,Advantage_Targets/advantages
8,120.71980486,0.0,75,1746880401.1756997,,,,,,,,,,,,,,,,,,,,,,,,,,,,,,,,,,
27,120.918047191,,75,1746880401.1781814,0.0,,,,,,,,,,,,,,,,,,,,,,,,,,,,,,,,,
33,120.918125168,,75,1746880401.178706,,0.390625,,,,,,,,,,,,,,,,,,,,,,,,,,,,,,,,
59,120.918453899,,150,1746880405.6480894,,,0.0,,,,,,,,,,,,,,,,,,,,,,,,,,,,,,,
115,120.919122572,,300,1746880414.5869138,,,,0.0,,,,,,,,,,,,,,,,,,,,,,,,,,,,,,
116,120.919133419,,300,1746880414.5876043,,,,,0.0003,,,,,,,,,,,,,,,,,,,,,,,,,,,,,
124,120.919236842,,300,1746880414.5878327,,,,,,0.76999986,,,,,,,,,,,,,,,,,,,,,,,,,,,,
148,120.919518349,0.0,375,1746880419.056135,,,,,,,,,,,,,,,,,,,,,,,,,,,,,,,,,,
158,120.9196315,,375,1746880419.0571933,,,,,,,-0.00797578,,,,,,,,,,,,,,,,,,,,,,,,,,,
172,120.919790429,,375,1746880419.058618,,,,,,,,218.7207,,,,,,,,,,,,,,,,,,,,,,,,,,
184,120.919927991,,450,1746880423.5260425,,,,,,,,,921600.0,,,,,,,,,,,,,,,,,,,,,,,,,
220,120.920342718,,525,1746880427.9949777,,,,0.0,,,,,,,,,,,,,,,,,,,,,,,,,,,,,,
269,120.920899682,,600,1746880432.4668193,,,0.0,,,,,,,,,,,,,,,,,,,,,,,,,,,,,,,
273,120.920943812,,600,1746880432.4675713,,,,,,,,,,0.0,,,,,,,,,,,,,,,,,,,,,,,,
275,120.920966497,,600,1746880432.4676323,,,,,,,,,,,0.0078125,,,,,,,,,,,,,,,,,,,,,,,
289,120.921753023,,675,1746880436.934783,,,,,,,,,1382400.0,,,,,,,,,,,,,,,,,,,,,,,,,
294,120.921878811,,675,1746880436.9356947,,,,,,,,,,,,0.15393591,,,,,,,,,,,,,,,,,,,,,,
302,120.922445072,,675,1746880436.9362535,,,,,,,,,,,,,236.57123,,,,,,,,,,,,,,,,,,,,,
326,120.922745584,,750,1746880441.4056983,,,,,0.0003,,,,,,,,,,,,,,,,,,,,,,,,,,,,,
337,120.922872869,,750,1746880441.406652,,,,,,,,,,,,,153.22443,,,,,,,,,,,,,,,,,,,,,
363,240.938861276,,825,1746880445.8744335,,,,,,,,,,,,,,0.20214844,,,,,,,,,,,,,,,,,,,,
387,240.939503536,,900,1746880450.3417594,,,,,,,,,,,,,,,224.0,,,,,,,,,,,,,,,,,,,
392,240.939874465,,900,1746880450.341914,,,,,,,,,,,,,,,,0.0,,,,,,,,,,,,,,,,,,
403,240.940015757,,900,1746880450.342904,,,,,,,-0.017197236,,,,,,,,,,,,,,,,,,,,,,,,,,,
421,240.940247285,,975,1746880454.8101685,,,,,,,,,,,,,,,,,49.183525,,,,,,,,,,,,,,,,,
448,240.940577711,,975,1746880454.812326,,,,,,,,,,0.0,,,,,,,,,,,,,,,,,,,,,,,,
465,240.940773259,,1050,1746880459.2788033,,,,0.0,,,,,,,,,,,,,,,,,,,,,,,,,,,,,,
467,240.940795969,,1050,1746880459.279415,,,,,,,,,,,,,,,,,,0.19189453,,,,,,,,,,,,,,,,
499,240.941167516,,1125,1746880463.747789,,,,,,,,,2304000.0,,,,,,,,,,,,,,,,,,,,,,,,,
500,240.941178894,,1125,1746880463.7478192,,,,0.0,,,,,,,,,,,,,,,,,,,,,,,,,,,,,,
509,240.941286795,,1125,1746880463.748739,,,,,,0.7572813,,,,,,,,,,,,,,,,,,,,,,,,,,,,
559,240.941861044,,1200,1746880468.2200475,,,,,,,,,,,,,,,,,,,0.94480497,,,,,,,,,,,,,,,
616,240.942849887,,1350,1746880477.155264,,,,,,,,,,,,,,,,,,,,69.27476,,,,,,,,,,,,,,
631,240.943562014,,1425,1746880481.6218622,,,,,,,,,,,,,,,,,53.64538,,,,,,,,,,,,,,,,,
662,240.943942493,,1425,1746880481.6244218,,,,,,,,240.04883,,,,,,,,,,,,,,,,,,,,,,,,,,
666,240.94399741,,1500,1746880486.0912888,,,,,,,,,,,,,,,,,52.4414,,,,,,,,,,,,,,,,,
672,240.944070997,,1500,1746880486.091477,,,,,,,,,,,,,,,,0.0,,,,,,,,,,,,,,,,,,
690,240.944296799,,1500,1746880486.0930862,,,,,,,,,,,,,,,,,,,,,0.0,,,,,,,,,,,,,
730,240.944805223,,1575,1746880490.5626407,,,,,,,,,,,0.0078125,,,,,,,,,,,,,,,,,,,,,,,
815,240.945779613,,1800,1746880503.966863,,,,0.0,,,,,,,,,,,,,,,,,,,,,,,,,,,,,,
824,240.945886752,,1800,1746880503.967962,,,,,,0.70826006,,,,,,,,,,,,,,,,,,,,,,,,,,,,
837,240.9462926,,1800,1746880503.9696412,,,,,,,,253.70117,,,,,,,,,,,,,,,,,,,,,,,,,,
843,240.946411587,,1875,1746880508.4338305,,,,,,,,,,,,,,,,,,,,,,0.0,,,,,,,,,,,,
845,240.946444924,,1875,1746880508.4339013,,,,,,,,,,,,,,,,,,,,,,,0.0,,,,,,,,,,,
886,240.947595065,,1950,1746880512.900905,,,,,0.0003,,,,,,,,,,,,,,,,,,,,,,,,,,,,,
938,240.948218527,,2025,1746880517.3691537,,,,,,,,,,0.0,,,,,,,,,,,,,,,,,,,,,,,,
946,240.948311781,,2100,1746880521.8348916,,,,,,,,,,,,,,,,,50.27522,,,,,,,,,,,,,,,,,
992,240.948836,,2175,1746880526.3032777,,,,,,,,,,,,,,,,,,0.22021484,,,,,,,,,,,,,,,,
1000,240.94892631,,2175,1746880526.303519,,,,,,,,,,,,,,,,,,,,,,,,0.0,,,,,,,,,,
1019,240.949143289,,2250,1746880530.7693412,,,,,,,,,,,,,,,,,,,,,,,,,0.0,,,,,,,,,
1027,240.949231883,,2250,1746880530.7703116,,,,,,,,,,,,,,,,,,0.20800781,,,,,,,,,,,,,,,,
1038,240.949393036,,2250,1746880530.7710507,,,,,,,,,,,,,,,,,,,,,,,,,,0.96062994,,,,,,,,
1049,240.949526037,,2250,1746880530.7720885,,,,,,,,,,,,,,,,,,,1.013818,,,,,,,,,,,,,,,
1066,240.949723843,,2325,1746880535.2382793,,,,,,,,,,,,,,,,,,,,,,,,,,,4761600.0,,,,,,,
1091,240.950008809,,2400,1746880539.7038062,,,,,,,,,,,,,,,,,,,,,,,,,,,,0.0,,,,,,
1172,240.951812694,,2550,1746880548.638781,,,,,,,,,,,,,,,,,,,,,,,,,,,,,2550.0,,,,,
1247,240.952666828,,2700,1746880557.5746403,,,,,,,,,,,,,140.13559,,,,,,,,,,,,,,,,,,,,,
1263,240.952844581,,2775,1746880562.0404599,,,,,,,,,,,,,,,,,,,,,,0.0,,,,,,,,,,,,
1289,240.953133499,,2775,1746880562.042787,,,,,,,,,,,,,,,,,,,,,,,,,,,,,,0.0,,,,
1308,360.969911145,,2850,1746880566.5099232,,,,,,,,,,,,,,0.17480469,,,,,,,,,,,,,,,,,,,,
1372,360.970665773,,3000,1746880575.4418154,,,,,,,,,,,,,,,,0.0,,,,,,,,,,,,,,,,,,
1391,360.970886007,,3000,1746880575.4435346,,,,,,,,,,,,,,,,,,,,,,,,,,,,,,,0.0,,,
1399,360.970976909,,3000,1746880575.444425,,,,,,,,,,,,,,,,,,,1.018624,,,,,,,,,,,,,,,
1484,360.971986006,,3225,1746880588.931719,,,,,,,,,,,,0.03931465,,,,,,,,,,,,,,,,,,,,,,
1517,360.972908735,,3300,1746880593.3978949,,,,,,,,,,,,,,,,,,0.17871094,,,,,,,,,,,,,,,,
1523,360.973062766,,3300,1746880593.398677,,,,,,,-0.022222275,,,,,,,,,,,,,,,,,,,,,,,,,,,
1555,360.973751443,,3375,1746880597.8656476,,,,,,,,,,,,,,,,,,,,,,,,,,,,,,,,0.027543934,,
1570,360.973931833,,3375,1746880597.8667076,,,,,,,,,,,0.0078125,,,,,,,,,,,,,,,,,,,,,,,
1588,360.974148947,,3450,1746880602.3299098,,,,,,,,,,,,,,0.20166016,,,,,,,,,,,,,,,,,,,,
1612,360.974452654,,3525,1746880606.79461,,,,,,,,,,,,,,,244.0,,,,,,,,,,,,,,,,,,,
1616,360.974500468,,3525,1746880606.7947283,,,,,,,,,,,,,,,,,,,,,,,,,,,,0.0,,,,,,
1648,360.974909601,,3600,1746880611.2612736,,,,,,,,,,,,,,,,,,,,,,0.0,,,,,,,,,,,,
1652,360.974962059,,3600,1746880611.2613816,,,,,,,,,,,,,,,,0.0,,,,,,,,,,,,,,,,,,
1670,360.975200866,,3600,1746880611.2629445,,,,,,,,,,,,,,,,,,,,,0.0,,,,,,,,,,,,,
1689,360.975427022,,3675,1746880615.7272904,,,,,,,,,7526400.0,,,,,,,,,,,,,,,,,,,,,,,,,
1717,360.975746785,,3750,1746880620.191968,,,,,,,,,,,,,,,240.0,,,,,,,,,,,,,,,,,,,
1739,360.975995509,,3750,1746880620.193845,,,0.0,,,,,,,,,,,,,,,,,,,,,,,,,,,,,,,
1740,360.976007455,,3750,1746880620.193881,,,,,,,,,,,,,,,,,,,,,0.0,,,,,,,,,,,,,
1752,360.976413526,,3825,1746880624.657753,,,,,,,,,,,,,,,252.0,,,,,,,,,,,,,,,,,,,
1754,360.976454016,,3825,1746880624.6578197,,,,,,,,,,,,,,,,,,,,,,,,,0.0,,,,,,,,,
1813,360.97776531,,3900,1746880629.1266048,,,,,,,,,,0.0,,,,,,,,,,,,,,,,,,,,,,,,
1838,481.004562232,,3981,1746880763.6158128,,,,,,,,,,,,,,,,,,,,,,,,,,,,,75.0,,,,,
1875,481.005792521,,4056,1746880768.0769994,,,,,,0.50303876,,,,,,,,,,,,,,,,,,,,,,,,,,,,
1888,481.005951353,,4056,1746880768.0783782,,,,,,,,0.0,,,,,,,,,,,,,,,,,,,,,,,,,,
1928,481.006466114,,4206,1746880776.993752,,,,,,,,,,,,,,,240.0,,,,,,,,,,,,,,,,,,,
1942,481.006636074,,4206,1746880776.9948936,,,,,,,,,,,,,,,,,,,,,,,,,,,614400.0,,,,,,,
1962,481.006864205,,4281,1746880781.4514415,,,,,,,,,,,,,,,,,0.011034617,,,,,,,,,,,,,,,,,
1976,481.007023065,,4281,1746880781.4524746,,,,,,,,,,,,,,,,,,,,,,,,,,,,,,,,0.0,,
1977,481.007033743,,4281,1746880781.452501,,,,,,,,,,,,,,,,,,,,,,,,,,,768000.0,,,,,,,
1987,481.00714916,,4281,1746880781.453378,,,,,,,,,,,,,,,,,,,,,,,,,,,,,,,0.0,,,
1988,481.007161208,,4281,1746880781.4534068,0.0,,,,,,,,,,,,,,,,,,,,,,,,,,,,,,,,,
1991,481.007194615,,4281,1746880781.4534838,,,,,,,,,,,0.0078125,,,,,,,,,,,,,,,,,,,,,,,
1999,481.007288501,,4356,1746880785.9094248,,,,,,,,,,,,,,,,,,,,,,0.0,,,,,,,,,,,,
2006,481.0073706,,4356,1746880785.909627,,,,0.0,,,,,,,,,,,,,,,,,,,,,,,,,,,,,,
2013,481.007450862,,4356,1746880785.9105322,,,,,,,,,,,,,,,,,,,,,,,,,,,,,450.0,,,,,
2023,481.007566665,,4356,1746880785.9114952,0.0,,,,,,,,,,,,,,,,,,,,,,,,,,,,,,,,,
2042,481.007781563,,4431,1746880790.3679008,,,,,0.0003,,,,,,,,,,,,,,,,,,,,,,,,,,,,,
2070,481.008103555,,4506,1746880794.8251636,,,,,,,,,,,,,,,,,,,,,,,,,0.0,,,,,,,,,
2086,481.008597353,,4506,1746880794.82657,,,,,,,,,,,,,,,,,,,,,,,,0.73938376,,,,,,,,,,
2090,481.008676979,,4506,1746880794.8269274,,,0.0,,,,,,,,,,,,,,,,,,,,,,,,,,,,,,,
2107,481.009165814,,4581,1746880799.283117,,,,,,,,,,,,,,,,,,,,,,,,,,,,0.0,,,,,,
2120,481.009579125,,4581,1746880799.2846754,,,,,,0.5585015,,,,,,,,,,,,,,,,,,,,,,,,,,,,
2154,481.009982167,,4656,1746880803.7429378,,,,,,,-0.00055625435,,,,,,,,,,,,,,,,,,,,,,,,,,,
2159,481.010045266,,4656,1746880803.7435784,,,,,,,,,,,,,,,,,,,,,,,,,,0.9448819,,,,,,,,
2182,601.026854864,,4731,1746880808.201216,,,,,0.0003,,,,,,,,,,,,,,,,,,,,,,,,,,,,,
2183,601.02686799,,4731,1746880808.2012541,,,,,,,,,,,,,,,,,,0.0024414062,,,,,,,,,,,,,,,,
2184,601.026879924,,4731,1746880808.2012854,,,,,,,,,,,,,,0.0029296875,,,,,,,,,,,,,,,,,,,,
2214,601.027692989,1.0,4806,1746880812.6597445,,,,,,,,,,,,,,,,,,,,,,,,,,,,,,,,,,
2253,601.028725376,,4881,1746880817.1199608,,,,,,,,,,,,,,,,,,0.0107421875,,,,,,,,,,,,,,,,
2285,601.029127406,,4956,1746880821.5802023,,,,,,,,,2150400.0,,,,,,,,,,,,,,,,,,,,,,,,,
2296,601.029273082,,4956,1746880821.5816877,,,,,,,,,,,,,,,,,,,,,,,,1.2666569,,,,,,,,,,
2357,601.030071992,,5106,1746880830.5041997,,,,,0.0003,,,,,,,,,,,,,,,,,,,,,,,,,,,,,
2392,601.030485768,,5181,1746880834.9656723,,,,,0.0003,,,,,,,,,,,,,,,,,,,,,,,,,,,,,
2439,601.031036985,,5256,1746880839.4294424,,,,,,,,,,,,,,,,,,,,,,,,,,0.92913383,,,,,,,,
2450,601.031161473,,5256,1746880839.430409,,,,,,,,,,,,,,,,,,,0.0,,,,,,,,,,,,,,,
2482,601.032108078,,5331,1746880843.8932989,,,,,,,,,,,,,,,,,,,,,,,,,,,,,,,,,400.0,
2493,601.032606559,,5406,1746880848.352014,,,,,,,,,,,,,,,,0.0,,,,,,,,,,,,,,,,,,
2531,601.033076365,,5481,1746880852.813952,,,,0.0,,,,,,,,,,,,,,,,,,,,,,,,,,,,,,
2532,601.033087266,,5481,1746880852.8146212,,,,,0.0003,,,,,,,,,,,,,,,,,,,,,,,,,,,,,
2538,601.033167822,,5481,1746880852.8147964,,,,,,,,,,,,,,,,,,,,,,,,,,,,,1575.0,,,,,
2565,601.033500372,,5556,1746880857.275721,,,,,,,,,3379200.0,,,,,,,,,,,,,,,,,,,,,,,,,
2568,601.033534484,,5556,1746880857.2762377,,,,,,,,,,,,,,,,,,0.06982422,,,,,,,,,,,,,,,,
2606,601.033978816,,5631,1746880861.7376254,,,,,,,,,,,,,,,,,,,,,,,,,,,,,,,,0.049100623,,
2626,601.034238993,,5706,1746880866.1983216,,,,,,,,,,,,,,,,,,,,,,,,,,,,,,,,,,-2.405849
2646,601.034509875,,5706,1746880866.19961,,,,,,,,,,,,,,,,,,,,,,,,1.4356956,,,,,,,,,,
2652,601.03458556,,5706,1746880866.2004147,,,,,,,,,,,,,,,,,,,,,,,,,,,,,,,0.0,,,
2655,601.034621163,,5706,1746880866.2010157,,,,,,,,,,,,,,,,,,,,,,,,,,,,,,0.0,,,,
2659,601.034665157,,5706,1746880866.2011254,,0.107421875,,,,,,,,,,,,,,,,,,,,,,,,,,,,,,,,
2671,601.034800984,,5781,1746880870.6601887,,,,0.0,,,,,,,,,,,,,,,,,,,,,,,,,,,,,,
2683,601.03493824,,5781,1746880870.6615956,,,,,,,,,,,,,20.858315,,,,,,,,,,,,,,,,,,,,,
2691,601.035030739,,5781,1746880870.6620588,,,,,,,,,,,0.0078125,,,,,,,,,,,,,,,,,,,,,,,
2709,601.035462095,,5856,1746880875.122218,,,,,,,,,,,,,,0.060058594,,,,,,,,,,,,,,,,,,,,
2735,601.036247557,,5931,1746880879.5830758,,,,,,,,,,,,,,,,,,,,,,,,,0.0,,,,,,,,,
2742,601.036552083,,5931,1746880879.5841336,,,,,0.0003,,,,,,,,,,,,,,,,,,,,,,,,,,,,,
2773,601.036930178,,6006,1746880884.044442,,,,,,,,,,,,,,,,0.0,,,,,,,,,,,,,,,,,,
2801,601.0372576,,6081,1746880888.5059428,,,,,,,,,,,,,,,,,,,,,,,,,,,,,,,,,,-2.5106847
2855,601.037877981,,6156,1746880892.968671,,,,,,0.89308953,,,,,,,,,,,,,,,,,,,,,,,,,,,,
2907,601.038472927,,6306,1746880901.8899508,,,,,,,,,,,,,,,,,15.658219,,,,,,,,,,,,,,,,,
2989,601.039810027,,6456,1746880910.9115825,,,,,,,,,,,,,,0.08886719,,,,,,,,,,,,,,,,,,,,
3015,601.040506416,,6531,1746880915.3722007,,,,,,,,,,,,,,,,,,,,,,,,,0.0,,,,,,,,,
3054,601.040956408,1.0,6606,1746880919.8342948,,,,,,,,,,,,,,,,,,,,,,,,,,,,,,,,,,
3061,601.041036411,,6606,1746880919.8352094,,,,,,,,,,,,,,,,,,,,,,,,,,,,,,,,0.025050437,,
3062,601.041048976,,6606,1746880919.8352418,,,,,,,,,,,,,,,,,,,,,,,,,,,5529600.0,,,,,,,
3084,601.041301222,,6681,1746880924.2952895,,,,,,,,,,,,,,,,,,,,,,120.0,,,,,,,,,,,,
3085,601.041311986,,6681,1746880924.2953188,,,,,,,,,,,,,,,,,,,,,,,,,0.0,,,,,,,,,
3089,601.041359923,1.0,6681,1746880924.2954388,,,,,,,,,,,,,,,,,,,,,,,,,,,,,,,,,,
3094,601.041417061,,6681,1746880924.2962604,,,,,,,,,,,,,,0.0703125,,,,,,,,,,,,,,,,,,,,
3113,601.041626832,,6681,1746880924.2979596,,,,,,,,101.37695,,,,,,,,,,,,,,,,,,,,,,,,,,
3158,721.059419817,,6831,1746880933.218128,,,,,,,,,,,,,,,,0.0,,,,,,,,,,,,,,,,,,
3185,721.059764583,,6831,1746880933.2206209,,,,,,,,,,,,,,,,,,,0.43440065,,,,,,,,,,,,,,,
3194,721.059868609,1.0,6906,1746880937.6804152,,,,,,,,,,,,,,,,,,,,,,,,,,,,,,,,,,
3209,721.060046171,,6906,1746880937.681463,,,,,,,,,,,,,,,,,,,,,,,,,,0.92913383,,,,,,,,
3214,721.060104365,,6906,1746880937.6822083,,,,,,,,,,0.0,,,,,,,,,,,,,,,,,,,,,,,,
3222,721.060196523,,6981,1746880942.1412618,,,,,,,,,,,,,,,,,20.55931,,,,,,,,,,,,,,,,,
3259,721.060635775,,7056,1746880946.603007,,,,,,,,,,,,,,,,,,,,,,124.0,,,,,,,,,,,,
3272,721.060811886,,7056,1746880946.6041014,,,,,,,,,,,,,,,,,,,,,,,,,,,6451200.0,,,,,,,
3287,721.061001863,,7056,1746880946.6054084,,,,,,,,,,,,,,,,,,,,,,,,,,,,,,,,,400.0,
3312,721.061300163,,7131,1746880951.0661395,,,,,,,,,,,,,,,,,,,,21.507008,,,,,,,,,,,,,,
3344,721.061679103,,7206,1746880955.5281034,,,,,,,-0.00081767,,,,,,,,,,,,,,,,,,,,,,,,,,,
3356,721.061813677,,7206,1746880955.5296175,,,,,,,,,,,0.0078125,,,,,,,,,,,,,,,,,,,,,,,
3402,721.062693451,,7356,1746880964.4487906,,,,,,,,,,,,,,,,,,,,,,,,,,,,0.0,,,,,,
3412,721.062914964,,7356,1746880964.4497466,,,,,,,,,,,,,,,,,,,,,,,,,,,7065600.0,,,,,,,
3422,721.063312623,,7356,1746880964.450778,,,,,,,,,,,,,,,,,,,,,,,,,,,,,,,0.0,,,
3431,721.063673232,,7431,1746880968.909871,,,,,,,,,,,,,,,,,,,,,,,,,,,,,,,,,,-4.4358664
3440,721.063784766,,7431,1746880968.910175,,,,,,,,,7219200.0,,,,,,,,,,,,,,,,,,,,,,,,,
3464,721.064081857,,7431,1746880968.9128277,,0.26367188,,,,,,,,,,,,,,,,,,,,,,,,,,,,,,,,
3470,721.064156533,,7506,1746880973.3712482,,,,,,,,,,,,,,,,,,,,,,,,,0.0,,,,,,,,,
3496,721.064468731,,7506,1746880973.3733988,,,,,,,,,,,0.0078125,,,,,,,,,,,,,,,,,,,,,,,
3498,721.064491385,,7506,1746880973.3739564,,,,,,,,123.759766,,,,,,,,,,,,,,,,,,,,,,,,,,
3553,721.065132003,,7656,1746880982.2954004,,,,,,,,,,,,,,,,,,,,,,,,,,,,,3750.0,,,,,
3566,721.065282026,,7656,1746880982.2966065,,,,,,,,,,,0.0078125,,,,,,,,,,,,,,,,,,,,,,,
3576,721.065402682,,7731,1746880986.7568011,,,,,,,,,,,,,,,,,,,,,,,0.0,,,,,,,,,,,
3599,721.065661219,,7731,1746880986.7588239,,,,,,,,,,0.0,,,,,,,,,,,,,,,,,,,,,,,,
3618,721.065877492,,7806,1746880991.2203026,,,,,,,,,,,,,,,,,,0.09472656,,,,,,,,,,,,,,,,
3629,721.06600869,,7806,1746880991.2209795,,,,,,,,,,,,,,,,,,,,,,,,,,0.92913383,,,,,,,,
3660,841.089007596,,7887,1746881119.8848176,,,,,,,-0.00048688616,,,,,,,,,,,,,,,,,,,,,,,,,,,
3696,841.089698243,,7962,1746881124.6286116,,,,,,0.9173811,,,,,,,,,,,,,,,,,,,,,,,,,,,,
3720,841.09027612,2.0,8037,1746881129.3741167,,,,,,,,,,,,,,,,,,,,,,,,,,,,,,,,,,
3766,841.091322073,,8112,1746881134.1209486,,,,,,0.5799944,,,,,,,,,,,,,,,,,,,,,,,,,,,,
3781,841.091501755,,8112,1746881134.1225202,,,,,,,,,,,,,,,,,,,0.0,,,,,,,,,,,,,,,
3808,841.091815669,,8187,1746881138.867785,,,,,,,,,,,,,,,,,,,,,,,,,,,,,,,0.0,,,
3819,841.091940339,,8262,1746881143.6108797,,,,,,,,,,,,,,,200.0,,,,,,,,,,,,,,,,,,,
3826,841.092019174,,8262,1746881143.6110888,,,,,,,,,921600.0,,,,,,,,,,,,,,,,,,,,,,,,,
3837,841.092148067,,8262,1746881143.6120427,,,,,,,,,,,,,,,,,,,,,,,,1.2810142,,,,,,,,,,
3842,841.092209961,,8262,1746881143.6129599,,,,,,,,,,,,,,,,,,,,,0.0,,,,,,,,,,,,,
3852,841.092328005,,8337,1746881148.3572426,,,,,,,,,,,,,,,,,,,,,,,,,,,,,,,,,,-0.122767314
3872,841.092568329,,8337,1746881148.3586843,,,,,,,,,,,,,,,,,,,,,,,,0.9812887,,,,,,,,,,
3877,841.092625794,,8337,1746881148.3594546,,,,,,,,,,,,,,,,,,,,,0.0,,,,,,,,,,,,,
3884,841.092708342,,8337,1746881148.3602922,,,,,,,,1.2402344,,,,,,,,,,,,,,,,,,,,,,,,,,
3901,841.092907892,,8412,1746881153.1040888,,,,,,,,,,,,0.0,,,,,,,,,,,,,,,,,,,,,,
3946,841.093687048,,8487,1746881157.8518503,,,0.5096525,,,,,,,,,,,,,,,,,,,,,,,,,,,,,,,
4003,961.111428939,,8637,1746881167.3441238,,,,,0.0003,,,,,,,,,,,,,,,,,,,,,,,,,,,,,
4009,961.111743448,,8637,1746881167.3443193,,,,,,,,,,,,,,,,,,,,,,,,,,,,,825.0,,,,,
4027,961.112140461,,8712,1746881172.089871,,,,,,,,,,,,,,,,,,,,,,,,,,,,,,,,,,-0.08316178
4031,961.112276882,,8712,1746881172.0900376,,,,,,,,,,,,,,,,,,,,,,,,,0.0,,,,,,,,,
4049,961.113017226,,8712,1746881172.0918078,,,,,,,,,,,,,0.08270022,,,,,,,,,,,,,,,,,,,,,
4051,961.11304343,,8712,1746881172.0918856,,,0.52509654,,,,,,,,,,,,,,,,,,,,,,,,,,,,,,,
4075,961.11335253,,8787,1746881176.8380065,,,,,,,,,,,,,,0.022949219,,,,,,,,,,,,,,,,,,,,
4085,961.113476112,,8787,1746881176.8389132,,,,,,,,,,,,,,,,,,,,,,,,,,0.86614174,,,,,,,,
4119,961.113873807,,8862,1746881181.5873616,,,,,,,,,,,,,0.90792686,,,,,,,,,,,,,,,,,,,,,
4141,961.114136145,,8937,1746881186.332703,,,,,,,,,2304000.0,,,,,,,,,,,,,,,,,,,,,,,,,
4147,961.114206993,,8937,1746881186.3336618,,,,,,,,,,,,,,,,,,,,,,,,,,,,,,,,0.012172344,,
4150,961.114241498,,8937,1746881186.3337564,,,,,,,-0.0028081613,,,,,,,,,,,,,,,,,,,,,,,,,,,
4166,961.114430759,,8937,1746881186.3353436,,,,,,,,,,,,,,,,,,,0.008195382,,,,,,,,,,,,,,,
4169,961.114466803,,9012,1746881191.0794427,,,,,,,,,,,,,,,236.0,,,,,,,,,,,,,,,,,,,
4187,961.114668976,,9012,1746881191.0806284,,,,,,,,,,,,,,,,,,,,,,,,1.4372599,,,,,,,,,,
4200,961.114817185,,9012,1746881191.0823824,,0.0,,,,,,,,,,,,,,,,,,,,,,,,,,,,,,,,
4215,961.114986257,,9087,1746881195.827059,,,,,,,,,,,,,,0.025878906,,,,,,,,,,,,,,,,,,,,
4233,961.11519086,,9087,1746881195.828859,,,,,,,,,,,,,,,,,,,,,,,,,,,,,,,,,400.0,
4240,961.115274498,,9162,1746881200.5731206,,,,,,,,,,,,,,,,,,,,,,132.0,,,,,,,,,,,,
4294,961.116240118,,9237,1746881205.322161,,,,,,,,,,,,,0.44583356,,,,,,,,,,,,,,,,,,,,,
4306,961.116606818,,9237,1746881205.3230257,,,,,,,,,,,,,,,,,,,0.010970196,,,,,,,,,,,,,,,
4324,961.117130037,,9312,1746881210.0684862,,,,,,,,,,,,,,,,,,,,,,,,,,,,,1500.0,,,,,
4326,961.117155519,,9312,1746881210.068553,,,,,,1.0821993,,,,,,,,,,,,,,,,,,,,,,,,,,,,
4329,961.117190134,,9312,1746881210.069251,,,,,,,,,,,,,2.59694,,,,,,,,,,,,,,,,,,,,,
4333,961.117242258,,9312,1746881210.0693889,,,,,,,,,,,,,,,,,,,,,,,,,,,,,,,0.0,,,
4356,961.117516249,,9387,1746881214.8148396,,,,,,,,,,,,0.0,,,,,,,,,,,,,,,,,,,,,,
4372,961.117703275,,9387,1746881214.8161657,,,,,,,,,,,0.0078125,,,,,,,,,,,,,,,,,,,,,,,
4382,961.117821274,,9462,1746881219.562008,,,,,,,,,,,,,,,,,,,,,,,0.0,,,,,,,,,,,
4401,961.11804996,,9462,1746881219.5639627,,,0.5096525,,,,,,,,,,,,,,,,,,,,,,,,,,,,,,,
4478,961.11890569,,9612,1746881229.058622,,,,,,,,,,,,,,,,,,,,,,,,,,,,,,,,,400.0,
4479,961.118915765,,9612,1746881229.058652,,,,,,,,32.490234,,,,,,,,,,,,,,,,,,,,,,,,,,
4489,961.11902579,,9687,1746881233.9087799,,,,,,,,,,,,,,,,0.0,,,,,,,,,,,,,,,,,,
4494,961.119082013,,9687,1746881233.908945,,,,,,,,,,,,,,,,,,0.0,,,,,,,,,,,,,,,,
4508,961.119232372,,9687,1746881233.9105778,,,,,,,,,,,,,,,,,,,,,,,,,,,,,,,0.0,,,
4539,961.119949453,,9762,1746881238.6575646,,,,,,,,,,,,,7.1395235,,,,,,,,,,,,,,,,,,,,,
4592,961.121138953,,9912,1746881248.1505642,,,,,,,,,,,,,,,,,,,,,,,0.0,,,,,,,,,,,
4662,961.121944192,,10062,1746881257.6457782,,,,,,,,,,,,,,,,,,,,,,,0.0,,,,,,,,,,,
4722,961.122623507,,10137,1746881262.3954926,,,,,,,,,,,0.0078125,,,,,,,,,,,,,,,,,,,,,,,
4739,961.122814373,,10212,1746881267.1415818,,,,,,,,,,,,,,,,,,0.0,,,,,,,,,,,,,,,,
4741,961.122836909,,10212,1746881267.1416395,,,,,,,,,,,,0.0,,,,,,,,,,,,,,,,,,,,,,
4758,961.123032969,,10212,1746881267.1427934,,,,,,,,,,,,,,,,,,,,,,,,,,,,,,,,,400.0,
4772,961.123397911,,10287,1746881271.8888032,,,,0.0,,,,,,,,,,,,,,,,,,,,,,,,,,,,,,
4775,961.123458136,,10287,1746881271.888896,,,,,,,,,,,,,,0.1303711,,,,,,,,,,,,,,,,,,,,
4823,961.124754873,,10362,1746881276.638787,,,,,,,,,,,,,,,,,,,,,,,,,,,,,,,0.0,,,
4830,961.124841955,,10362,1746881276.6395562,,0.13671875,,,,,,,,,,,,,,,,,,,,,,,,,,,,,,,,
4848,961.125052227,,10437,1746881281.3860414,,,,,,,,,,,,,,,,,,,,,,,,,,,5376000.0,,,,,,,
4857,961.125157819,,10437,1746881281.3868794,,,,,,,,,,,,,,,,,,,,,0.21145374,,,,,,,,,,,,,
4860,961.125190793,,10437,1746881281.3872766,,,,,,,,,,0.0,,,,,,,,,,,,,,,,,,,,,,,,
4893,1081.144399747,,10512,1746881286.1355324,,,,,,,,,,,,,,,,,,,,,,,,,,,,,,,0.0,,,
4910,1081.144821351,2.0,10587,1746881290.8818817,,,,,,,,,,,,,,,,,,,,,,,,,,,,,,,,,,
4914,1081.14496316,,10587,1746881290.8825378,,,,,,,,,,,,,,,,,,0.0,,,,,,,,,,,,,,,,
4923,1081.145420378,,10587,1746881290.883433,,,,,,,,,,,,,,,,,,,,14.130079,,,,,,,,,,,,,,
4947,1081.145719049,,10662,1746881295.629955,,,,0.0,,,,,,,,,,,,,,,,,,,,,,,,,,,,,,
4951,1081.145767899,,10662,1746881295.6307635,,,,,,,,,,,,0.0,,,,,,,,,,,,,,,,,,,,,,
4970,1081.145990484,,10662,1746881295.632263,,0.20507812,,,,,,,,,,,,,,,,,,,,,,,,,,,,,,,,
4977,1081.146073223,,10737,1746881300.3787243,,,,,,,,,,,,,,,,,,,,,,,0.0,,,,,,,,,,,
4994,1081.146274221,,10737,1746881300.38068,,,,,,,,,,,,,27.14436,,,,,,,,,,,,,,,,,,,,,
5024,1081.146630304,,10812,1746881305.1286507,,,,,,,,,,,,,,,,,,,,,,,,,,,,,3000.0,,,,,
5046,1081.146879143,,10887,1746881309.8754013,,,,,,,,,,,,,,,,,,,,,,,,,108.0,,,,,,,,,
5073,1081.147182429,,10887,1746881309.8780391,,,,,,,,,,,,,,,,,,,,,,,,,,,,,,,,,400.0,
5077,1081.147228453,,10962,1746881314.6230001,,,,,,,,,,,,,,,,,,,,,,,,,,,,,,,,,,-3.9522996
5149,1081.149081911,,11112,1746881324.1183093,,,,,,,,,,,,,,,224.0,,,,,,,,,,,,,,,,,,,
5156,1081.149165252,,11112,1746881324.1185308,,,,,,,,,6758400.0,,,,,,,,,,,,,,,,,,,,,,,,,
5181,1081.149468415,,11112,1746881324.1208782,,,,,,,,,,,,,,,,,,,0.2616069,,,,,,,,,,,,,,,
5195,1081.149626133,,11187,1746881328.8680832,,,,,,,,,,,,,,0.17333984,,,,,,,,,,,,,,,,,,,,
5205,1081.149741876,,11187,1746881328.8689978,,,,,,,,,,,,,,,,,,,,,,,,,,0.92913383,,,,,,,,
5208,1081.149775864,,11187,1746881328.869096,,,,,,,,,,,,,,,,,,,,,,,,,,,,,,,0.0,,,
5217,1081.149879118,,11262,1746881333.615061,,,,,,,,,,,,,,,,,,,,,,,,,,,,,,,,,,-4.3021774
5218,1081.149891885,,11262,1746881333.6151085,,,,,,,,,,,,,,,,,20.625511,,,,,,,,,,,,,,,,,
5231,1081.150035892,,11262,1746881333.6161973,,,,,,,,,,,,0.0,,,,,,,,,,,,,,,,,,,,,,
5258,1081.150343025,,11337,1746881338.3637214,,,,,,,,,,,,,,,,,,,,,,,,,,,,0.0,,,,,,
5264,1081.150412391,,11337,1746881338.3646467,,,,,,,,,,,,,,,,,,0.0,,,,,,,,,,,,,,,,
5289,1081.150695433,,11412,1746881343.1124532,,,,,,,,,,,,,,,224.0,,,,,,,,,,,,,,,,,,,
5317,1081.151013146,,11412,1746881343.1147041,,,,,,,,,,,0.0078125,,,,,,,,,,,,,,,,,,,,,,,
5324,1081.151093415,,11487,1746881347.860627,,,,,,,,,,,,,,,240.0,,,,,,,,,,,,,,,,,,,
5373,1081.1521462,,11562,1746881352.6095412,,,,,,,,,,,,,,,,,,,,,,,,,,,7680000.0,,,,,,,
5397,1081.152776273,,11637,1746881357.357089,,,,,,,,,,,,,,,,,,,,,,,0.0,,,,,,,,,,,
5405,1081.152872717,,11637,1746881357.3577325,,,,,,,,,,,,,,0.18457031,,,,,,,,,,,,,,,,,,,,
5421,1081.153057462,,11637,1746881357.3590515,,,,,,,,,,,,,,,,,,,,,,,,,,,,,,0.0,,,,
5448,1081.153371484,,11712,1746881362.1070065,,,,,,,,,,,,,,,,,,,,24.024963,,,,,,,,,,,,,,
5487,1201.173356568,,11793,1746881489.8024182,,,0.49420848,,,,,,,,,,,,,,,,,,,,,,,,,,,,,,,
5493,1201.173431787,,11793,1746881489.8025854,,,,,,,,,,,0.0078125,,,,,,,,,,,,,,,,,,,,,,,
5502,1201.173543937,,11868,1746881494.2599573,,,,,,,,,,,,,,,,,,,,,,,,,136.0,,,,,,,,,
5520,1201.173750968,,11868,1746881494.2616975,,,,,,,,,,,,,0.016016357,,,,,,,,,,,,,,,,,,,,,
5564,1201.174259364,,11943,1746881498.7213645,,,,,,,,,,,,,,,,,,,,,,,,,,,,,,,,,400.0,
5565,1201.174270664,,11943,1746881498.72139,,,,,,,,0.0,,,,,,,,,,,,,,,,,,,,,,,,,,
5584,1201.174893871,,12018,1746881503.1792555,,,,,,,,,,,,,,,,,,,,,,,,,,,614400.0,,,,,,,
5590,1201.175027582,,12018,1746881503.1794121,,,,,,,,,,,,,0.0586367,,,,,,,,,,,,,,,,,,,,,
5684,1201.176673572,,12243,1746881516.5635648,,,,,0.0003,,,,,,,,,,,,,,,,,,,,,,,,,,,,,
5697,1201.176834719,,12243,1746881516.5650878,,,0.46332046,,,,,,,,,,,,,,,,,,,,,,,,,,,,,,,
5748,1201.177475327,,12393,1746881525.4876428,,,,,,,,,,,,,,,,,,,,,,,0.0,,,,,,,,,,,
5788,1321.196174651,,12468,1746881529.9537144,,,,0.0,,,,,,,,,,,,,,,,,,,,,,,,,,,,,,
5806,1321.196416948,,12468,1746881529.9556744,,,,,,,,,,0.0,,,,,,,,,,,,,,,,,,,,,,,,
5826,1321.196655467,,12543,1746881534.4182093,,,,,,,,,,,,,,0.013183594,,,,,,,,,,,,,,,,,,,,
5838,1321.196796175,,12543,1746881534.4191787,,,,,,,,,,,,,,,,,,,,,0.29955947,,,,,,,,,,,,,
5845,1321.197090335,,12543,1746881534.419638,,,,,,,,0.0,,,,,,,,,,,,,,,,,,,,,,,,,,
5847,1321.197140924,,12543,1746881534.4199302,,,,,,,,,,,,,,,,,,,0.0,,,,,,,,,,,,,,,
5884,1321.198441272,,12693,1746881543.344117,,,,,,,,,,,,,,,,,0.3104254,,,,,,,,,,,,,,,,,
5886,1321.198466478,,12693,1746881543.344197,,,,,,,,,,,,,,,,,,,,,,108.0,,,,,,,,,,,,
5951,1321.199229123,,12768,1746881547.8099928,,0.0,,,,,,,,,,,,,,,,,,,,,,,,,,,,,,,,
5953,1321.199252081,,12843,1746881552.26935,,,,,,,,,,,,,,,,,,,,,,,,,,,,,,,,,,-0.08543463
5960,1321.199336169,,12843,1746881552.269607,,,,,,,,,,,,,,,,0.0,,,,,,,,,,,,,,,,,,
5990,1321.199684562,,12918,1746881556.8366249,,,,,,,,,,,,,,,208.0,,,,,,,,,,,,,,,,,,,
6048,1321.200374575,,12993,1746881561.2998216,,,,,,,,,,,,,,,,,,,,,0.30837002,,,,,,,,,,,,,
6077,1321.200697351,,13068,1746881565.7607677,,,,,,1.1264477,,,,,,,,,,,,,,,,,,,,,,,,,,,,
6092,1321.201059666,,13068,1746881565.7622535,,,,,,,,,,,,,,,,,,,4.283169e-05,,,,,,,,,,,,,,,
6094,1321.20110203,,13143,1746881570.220874,,,,,,,,,,,,,,,,,0.28629175,,,,,,,,,,,,,,,,,
6170,1321.202658123,,13293,1746881579.144657,,,,,,,,,,,,,,,,0.0,,,,,,,,,,,,,,,,,,
6185,1321.202829634,,13293,1746881579.1463625,,,,,,,,,,,,,0.049614623,,,,,,,,,,,,,,,,,,,,,
6190,1321.202886997,,13293,1746881579.1465313,0.0,,,,,,,,,,,,,,,,,,,,,,,,,,,,,,,,,
6220,1321.203230456,,13368,1746881583.6092143,,,,,,,,,,,,,1.6571195,,,,,,,,,,,,,,,,,,,,,
6231,1321.203360143,,13368,1746881583.610246,,0.01953125,,,,,,,,,,,,,,,,,,,,,,,,,,,,,,,,
6239,1321.203452855,,13443,1746881588.0700343,,,,,,,,,,,,,,,,,,,,,,,,,,,,0.0,,,,,,
6271,1321.203829542,,13518,1746881592.5324507,,,,,,,,,,,,,,,,,,,,,,64.0,,,,,,,,,,,,
6328,1321.204782569,,13593,1746881596.9970386,,,,,,,,,,,,,,,,,,,,,0.29955947,,,,,,,,,,,,,
6329,1321.204801939,,13593,1746881596.997077,,,,,,,,,,,,,,,,,,,,,,,,,,,,,,,0.01754386,,,
6336,1321.204949728,,13593,1746881596.997882,,0.0390625,,,,,,,,,,,,,,,,,,,,,,,,,,,,,,,,
6360,1321.205537834,,13668,1746881601.4593222,,,,,,,,,,,,,2.5693524,,,,,,,,,,,,,,,,,,,,,
6372,1321.205906066,,13668,1746881601.4601028,,,,,,,,,,,,,,,,,,,0.09838439,,,,,,,,,,,,,,,
6383,1321.206034726,,13743,1746881605.92121,,,,0.0,,,,,,,,,,,,,,,,,,,,,,,,,,,,,,
6386,1321.206071928,,13743,1746881605.9213006,,,,,,,,,,,,,,0.038085938,,,,,,,,,,,,,,,,,,,,
6418,1321.206446398,,13818,1746881610.3842602,,,,0.0,,,,,,,,,,,,,,,,,,,,,,,,,,,,,,
6422,1321.206492921,,13818,1746881610.3849773,,,,,,,,,,,,0.009939875,,,,,,,,,,,,,,,,,,,,,,
6432,1321.206610403,,13818,1746881610.3857799,,,0.24710424,,,,,,,,,,,,,,,,,,,,,,,,,,,,,,,
6437,1321.206667355,,13818,1746881610.3860538,,,,,,,,,,,,,,,,,,,,,,,,,,,,,,0.0,,,,
6441,1321.206714272,,13818,1746881610.3869205,,0.048828125,,,,,,,,,,,,,,,,,,,,,,,,,,,,,,,,
6520,1321.207608916,,14043,1746881623.7741246,,,,,,,,,,,,,,,,0.0,,,,,,,,,,,,,,,,,,
6524,1321.207654987,,14043,1746881623.7748048,,,,,0.0003,,,,,,,,,,,,,,,,,,,,,,,,,,,,,
6525,1321.207665596,,14043,1746881623.7748387,,,,,,,,,,,,,,,,,,0.033691406,,,,,,,,,,,,,,,,
6529,1321.207709587,,14043,1746881623.7749631,,,,,,,,,,,,,,,,,,,,,,,,,,,4761600.0,,,,,,,
6541,1321.207848264,,14043,1746881623.7762022,,,,,,,,,,0.0,,,,,,,,,,,,,,,,,,,,,,,,
6562,1321.2080873,,14118,1746881628.2391608,,,,,,,,,,,,0.013565249,,,,,,,,,,,,,,,,,,,,,,
6617,1321.209262868,,14193,1746881632.7039561,,,,,,,,,,,,,,,,,,,0.23587412,,,,,,,,,,,,,,,
6633,1321.209781872,,14268,1746881637.1655946,,,,,,,,,,,,,,,,,,,,,,,,,,,,,,,,0.023412561,,
6635,1321.20980855,,14268,1746881637.1656606,,,,,,,,,,,,,,,,,,,,,,,,,,,,,2550.0,,,,,
6665,1321.210172036,,14343,1746881641.6284451,,,,,,,,,,,,,,,,,,0.041992188,,,,,,,,,,,,,,,,
6671,1321.210242385,,14343,1746881641.6286428,,,,,,,-0.0013367641,,,,,,,,,,,,,,,,,,,,,,,,,,,
6672,1321.210253799,,14343,1746881641.6286716,,,,,,1.0779378,,,,,,,,,,,,,,,,,,,,,,,,,,,,
6684,1321.21039453,,14343,1746881641.6299329,,,,,,,,,,,,,,,,,,,,,,,,,,,,,,,,,400.0,
6760,1441.232888972,,14568,1746881655.0168247,,,,,,,,,,,,,,,176.0,,,,,,,,,,,,,,,,,,,
6761,1441.232900258,,14568,1746881655.0168695,,,,,,,,,,,,,,,,,,,,,,60.0,,,,,,,,,,,,
6779,1441.233118216,,14568,1746881655.0186925,,,,,,,,,,,,,,,,,,,,9.702326,,,,,,,,,,,,,,
6786,1441.23320947,,14568,1746881655.0189354,,,,,,,,,,0.0,,,,,,,,,,,,,,,,,,,,,,,,
6814,1441.23353861,,14643,1746881659.4814866,,,,,,,,,,,,,,,,,,,,11.746371,,,,,,,,,,,,,,
6838,1441.233815808,,14718,1746881663.943587,,,,0.0,,,,,,,,,,,,,,,,,,,,,,,,,,,,,,
6860,1441.234098748,,14718,1746881663.9459324,,,,,,,,73.79883,,,,,,,,,,,,,,,,,,,,,,,,,,
6868,1441.234200099,,14793,1746881668.407221,,,,,,,,,,,,,,,,,,,,,,,80.0,,,,,,,,,,,
6884,1441.234401993,,14793,1746881668.4090717,,,,,,,,,,,,,,,,,,,,13.542572,,,,,,,,,,,,,,
6944,1441.235752967,,14943,1746881677.334249,,,,,0.0003,,,,,,,,,,,,,,,,,,,,,,,,,,,,,
6949,1441.236050162,,14943,1746881677.3348076,,,,,,,,,,,,,,,,,,,,,,,,,,,6604800.0,,,,,,,
6959,1441.236171656,,14943,1746881677.3357842,,,,,,,,,,,,,,,,,,,,,,,,,,,,,,,0.2631579,,,
6963,1441.236220288,,14943,1746881677.335913,,,,,,,,,,,0.0078125,,,,,,,,,,,,,,,,,,,,,,,
6966,1441.236256909,,14943,1746881677.336479,,0.18554688,,,,,,,,,,,,,,,,,,,,,,,,,,,,,,,,
6975,1441.236368612,,15018,1746881681.7967339,,,,,,,,,,,,,,,,0.0,,,,,,,,,,,,,,,,,,
6978,1441.236403435,,15018,1746881681.7968278,,,,0.0,,,,,,,,,,,,,,,,,,,,,,,,,,,,,,
6995,1441.236604498,,15018,1746881681.7989497,0.0,,,,,,,,,,,,,,,,,,,,,,,,,,,,,,,,,
6996,1441.236616011,,15018,1746881681.7989786,,,,,,,,,,0.0,,,,,,,,,,,,,,,,,,,,,,,,
7002,1441.23668427,,15018,1746881681.7994266,,,,,,,,,,,,,,,,,,,0.41088438,,,,,,,,,,,,,,,
7074,1441.237516424,,15243,1746881695.1855464,,,,,,,,,,,,,,,,,14.634914,,,,,,,,,,,,,,,,,
7096,1441.237770249,,15243,1746881695.1875393,,,,,,,,,,,,,,,,,,,,,,,,,,0.37795275,,,,,,,,
7167,1441.238780632,,15393,1746881704.1154294,,,0.2162162,,,,,,,,,,,,,,,,,,,,,,,,,,,,,,,
7238,1441.240280148,,15543,1746881713.042559,,,,,,,,,,,,,,,,,,,,,0.29955947,,,,,,,,,,,,,
7246,1441.240378626,,15543,1746881713.043413,,0.22460938,,,,,,,,,,,,,,,,,,,,,,,,,,,,,,,,
7324,1561.258648426,,15774,1746881858.1395907,,,,,,,,,,,,,,,,,,,,,,,100.0,,,,,,,,,,,
7325,1561.258659379,,15774,1746881858.1396236,,,,,,,,,,,,,,,,,,,,,,,,,,,,0.0,,,,,,
7333,1561.258748453,,15774,1746881858.1406553,,,,,,,,,,,,0.0,,,,,,,,,,,,,,,,,,,,,,
7344,1561.258877789,,15774,1746881858.1414933,,,,,,,,,,,,,,,,,,,,,0.29955947,,,,,,,,,,,,,
7355,1561.259003116,,15849,1746881862.7333348,,,,,,,,,,,,,,,,,0.0905087,,,,,,,,,,,,,,,,,
7402,1561.259538373,,15924,1746881867.3280735,,,,,,,,,,,,,,0.0029296875,,,,,,,,,,,,,,,,,,,,
7430,1561.259855788,,15999,1746881871.9205213,,,,,,,,,,,,,,,,,,,,,,,,,,,,0.0,,,,,,
7466,1561.260470956,,16074,1746881876.5149112,,,,,,,,,,,,,,,,0.0,,,,,,,,,,,,,,,,,,
7540,1681.28418471,,16224,1746881885.7971053,,,,,0.0003,,,,,,,,,,,,,,,,,,,,,,,,,,,,,
7549,1681.284384605,,16224,1746881885.797553,,,,,,,,,,,,,,,,,,,,,,,,4.7994566,,,,,,,,,,
7579,1681.285335007,,16299,1746881890.3910098,,,,,,,,,,,,,,,,,,,,,,,,,,,,,,,,0.010100781,,
7619,1681.285820801,,16374,1746881894.9857292,,,,,,,,,,,,,,,,,,,,,,,,2.163437,,,,,,,,,,
7623,1681.285869015,,16374,1746881894.986446,,,0.16988416,,,,,,,,,,,,,,,,,,,,,,,,,,,,,,,
7625,1681.285894017,,16374,1746881894.9865084,,,,,,,,,,,,,,,,,,,,,,,,,,,,,,,0.4385965,,,
7635,1681.286005772,,16449,1746881899.577721,,,,,,,,,,,,,,,,,0.66361463,,,,,,,,,,,,,,,,,
7688,1681.28662458,,16524,1746881904.1726298,,,,,,1.0718575,,,,,,,,,,,,,,,,,,,,,,,,,,,,
7703,1681.286795004,,16524,1746881904.1742725,,,,,,,,,,,,,,,,,,,0.028711837,,,,,,,,,,,,,,,
7716,1681.286943271,,16599,1746881908.7662814,,,,,,,,,,,,,,,,,,0.013671875,,,,,,,,,,,,,,,,
7783,1681.287945405,,16749,1746881917.9527335,,,,,,,,,2304000.0,,,,,,,,,,,,,,,,,,,,,,,,,
7796,1681.288232583,,16749,1746881917.9544947,,,,,,,,,,,,,3.2754335,,,,,,,,,,,,,,,,,,,,,
7808,1681.288585917,,16749,1746881917.9554482,,,,,,,,,,,,,,,,,,,0.09194089,,,,,,,,,,,,,,,
7843,1681.289346028,,16824,1746881922.549633,,,,,,,,,,,,,,,,,,,0.120832734,,,,,,,,,,,,,,,
7852,1681.289452835,4.0,16899,1746881927.1403742,,,,,,,,,,,,,,,,,,,,,,,,,,,,,,,,,,
7874,1681.289701783,,16899,1746881927.1427193,,,,,,,,,,,0.0078125,,,,,,,,,,,,,,,,,,,,,,,
7886,1681.289837484,,16974,1746881931.7336261,,,,,,,,,,,,,,,,0.0,,,,,,,,,,,,,,,,,,
7890,1681.2898841,,16974,1746881931.7343965,,,,,0.0003,,,,,,,,,,,,,,,,,,,,,,,,,,,,,
7916,1681.290182632,,17049,1746881936.3273265,,,,,,,,,,,,,,,120.0,,,,,,,,,,,,,,,,,,,
7918,1681.290204078,,17049,1746881936.3273842,,,,,,,,,,,,,,,,,,,,,,,,,136.0,,,,,,,,,
7965,1681.290745345,,17124,1746881940.9222522,,,,,,,,,,,,,,,,,,,,,,,,,,,3072000.0,,,,,,,
7967,1681.290766326,,17124,1746881940.9223087,,,,,,,-0.0019194938,,,,,,,,,,,,,,,,,,,,,,,,,,,
7989,1681.291018616,,17199,1746881945.5155864,,,,,,,,,,,,,,,,,,,,,,,88.0,,,,,,,,,,,
8052,1681.292109406,,17274,1746881950.1122222,,0.17578125,,,,,,,,,,,,,,,,,,,,,,,,,,,,,,,,
8081,1681.292873285,,17349,1746881954.7056851,0.4423963,,,,,,,,,,,,,,,,,,,,,,,,,,,,,,,,,
8132,1681.293505588,4.0,17499,1746881963.8939822,,,,,,,,,,,,,,,,,,,,,,,,,,,,,,,,,,
8166,1681.293891114,,17574,1746881968.4885232,,,,,,,,,,,,,,,,0.0,,,,,,,,,,,,,,,,,,
8177,1681.294014402,,17574,1746881968.489535,,,,,,,-0.001266927,,,,,,,,,,,,,,,,,,,,,,,,,,,
8180,1681.294048774,,17574,1746881968.490113,,,,,,,,,,,,,,,,,,,,20.004906,,,,,,,,,,,,,,
8205,1681.294336351,,17649,1746881973.0825164,,,,,0.0003,,,,,,,,,,,,,,,,,,,,,,,,,,,,,
8230,1681.294622165,,17724,1746881977.6748314,,,,,,,,,,,,,,,,,21.358501,,,,,,,,,,,,,,,,,
8249,1681.294831376,,17724,1746881977.6762412,,,,,,,,,,,,,,,,,,,,,,,,1.8643379,,,,,,,,,,
8263,1681.294992165,,17724,1746881977.6777318,,,,,,,,,,,,,,,,,,,0.55871075,,,,,,,,,,,,,,,
8266,1681.295028112,,17799,1746881982.2681937,,,,,,,,,,,,,,,160.0,,,,,,,,,,,,,,,,,,,
8282,1681.295469793,,17799,1746881982.2693787,,,,,,,-0.0026376669,,,,,,,,,,,,,,,,,,,,,,,,,,,
8301,1681.295881941,,17874,1746881986.8611526,,,,,,,,,,,,,,,172.0,,,,,,,,,,,,,,,,,,,
8321,1681.296465176,,17874,1746881986.8628337,,,,,,,,,,,,,42.42614,,,,,,,,,,,,,,,,,,,,,
8327,1681.296539503,,17874,1746881986.86329,,,,,,,,,,0.0,,,,,,,,,,,,,,,,,,,,,,,,
8334,1681.296620177,,17949,1746881991.4544806,,,,,,,,,,,,,,,,,,,,,,,,,,,,,,,,,,-5.2111235
8356,1681.296869882,,17949,1746881991.4564595,,,,,,,,,,,,,65.3431,,,,,,,,,,,,,,,,,,,,,
8387,1681.29721512,,18024,1746881996.0489895,,,,,,,-0.0019963877,,,,,,,,,,,,,,,,,,,,,,,,,,,
8408,1681.297460562,,18099,1746882000.641541,,,,,,,,,,,,,,,,,,,,,,,,,128.0,,,,,,,,,
8508,1801.322941604,,18249,1746882009.83284,,,,,,,,,,,,,,,,,,,0.6738281,,,,,,,,,,,,,,,
8514,1801.323011239,,18324,1746882014.4242637,,,,,,,,,,,,,,,,,,,,,,,104.0,,,,,,,,,,,
8599,1801.32490833,,18474,1746882023.609895,,,,,,,,,,,,,,,,,,,,,,,,1.9289938,,,,,,,,,,
8608,1801.325031353,,18474,1746882023.6109548,,,,,,,,,,,,,,,,,,,,,,,,,,,,,,0.0,,,,
8631,1801.325328421,,18549,1746882028.2016637,,,,,,,,,,,,,,,,,,,,,,,,,,,,,2925.0,,,,,
8634,1801.325363767,,18549,1746882028.202267,,,,,,,,,,,,,,,,,,,,,,,,2.53769,,,,,,,,,,
8639,1801.32542493,,18549,1746882028.202425,,,,,,,,,,,,,,,,,,,,,0.3171806,,,,,,,,,,,,,
8640,1801.325436097,,18549,1746882028.2024543,,,,,,,,,,,,,,,,,,,,,,,,,,,,,,,0.36842105,,,
8656,1801.325619952,,18624,1746882032.7924592,,,,,,,,,,,,,,,,0.0,,,,,,,,,,,,,,,,,,
8670,1801.325783844,,18624,1746882032.794045,,,,,,,,,,,,,,,,,,,,39.125813,,,,,,,,,,,,,,
8672,1801.325807425,,18624,1746882032.794112,,,,,,,,,,,,,,,,,,,,,,,,,,0.5826772,,,,,,,,
8723,1801.326396359,,18774,1746882041.9766548,,,,,,,,,,,,,,,,,,,,,,,,,132.0,,,,,,,,,
8770,1801.326927593,,18849,1746882046.5691953,,,,,,,,,,,,,,,,,,,,,,,,,,,6604800.0,,,,,,,
8774,1801.326973037,,18849,1746882046.5693269,,,,,,,,,,,,,,,,,,,,,,,,2.0629983,,,,,,,,,,
8845,1801.32842099,,18999,1746882055.7540329,,,,,,,,,,,,,,,,,,,,46.335526,,,,,,,,,,,,,,
8850,1801.328572914,,18999,1746882055.754683,,,,,,,,,,,,,,,,,,,,,,,,,,,,,,,0.4385965,,,
8858,1801.328933961,,18999,1746882055.7553885,,,,,,,,,,,,,,,,,,,0.73728216,,,,,,,,,,,,,,,
8868,1801.329055063,,19074,1746882060.3452976,,,,,,,,,7065600.0,,,,,,,,,,,,,,,,,,,,,,,,,
8886,1801.32926589,,19074,1746882060.3475926,0.7373272,,,,,,,,,,,,,,,,,,,,,,,,,,,,,,,,,
8898,1801.329408985,,19149,1746882064.937182,,,,,,,,,,,,,,,,,,,,,,,,,136.0,,,,,,,,,
8924,1801.329711467,,19149,1746882064.9398332,,,,,,,,,,,0.0078125,,,,,,,,,,,,,,,,,,,,,,,
8950,1801.330009249,,19224,1746882069.5303423,,,,,,,,,,,,,,,,,,,,40.356045,,,,,,,,,,,,,,
8974,1801.330287056,,19299,1746882074.1203108,,,,0.0,,,,,,,,,,,,,,,,,,,,,,,,,,,,,,
9050,1801.331151636,,19449,1746882083.3046372,,,,,,,,,,,,,,,,,,,,,,,,,,,7833600.0,,,,,,,
9053,1801.331185532,,19449,1746882083.3051035,,,,,,0.8595871,,,,,,,,,,,,,,,,,,,,,,,,,,,,
9086,1801.331807014,,19524,1746882087.964488,,,,,,,,,,,,,,,,,,,,,,,,,,,,,3900.0,,,,,
9109,1921.359659533,,19605,1746882215.7874157,,,,,,,,,,,,,,,,,,,,,,,,,140.0,,,,,,,,,
9118,1921.359776008,,19605,1746882215.7888126,,,,,,,,,,,,,,0.0029296875,,,,,,,,,,,,,,,,,,,,
9165,1921.360348057,,19680,1746882220.3228426,,,,,,,,,,,,,,,,,,,,,0.2907489,,,,,,,,,,,,,
9181,1921.360539793,,19755,1746882224.854636,,,,,,,,,,,,,,,,,,,,,,,,,,,,180.0,,,,,,
9193,1921.360680166,,19755,1746882224.8558524,,,,,,,-0.0007453111,,,,,,,,,,,,,,,,,,,,,,,,,,,
9195,1921.360704368,,19755,1746882224.8559096,,,,,,,,,,,,,,,,,,,,,,,,4.023317,,,,,,,,,,
9217,1921.360958248,,19830,1746882229.3895118,,,,,,,,,,,,,,,,0.0,,,,,,,,,,,,,,,,,,
9275,1921.362153326,,19905,1746882233.9257693,,,,,,,,,,,0.0078125,,,,,,,,,,,,,,,,,,,,,,,
9276,1921.362172083,,19905,1746882233.9257958,,,,,,,,,,,,,,,,,,,,,,,,,,,,,,,,,400.0,
9282,1921.362545361,,19980,1746882238.4587855,,,,,,,,,,,,,,,60.0,,,,,,,,,,,,,,,,,,,
9302,1921.36279012,,19980,1746882238.4606853,,,,,,,,,,,,,0.0805482,,,,,,,,,,,,,,,,,,,,,
9307,1921.362852184,,19980,1746882238.4608462,0.8110599,,,,,,,,,,,,,,,,,,,,,,,,,,,,,,,,,
9333,1921.363149384,,20055,1746882242.9965227,,,,,,,-0.0014140562,,,,,,,,,,,,,,,,,,,,,,,,,,,
9370,2041.385133536,,20130,1746882247.5336037,,,,,,,,,,,,,,,,,,,,,,,,2.1463847,,,,,,,,,,
9374,2041.385187591,,20130,1746882247.533979,,,0.1081081,,,,,,,,,,,,,,,,,,,,,,,,,,,,,,,
9417,2041.385698908,,20205,1746882252.0721703,,,,,,,,2.5097656,,,,,,,,,,,,,,,,,,,,,,,,,,
9447,2041.38604255,,20280,1746882256.6085234,0.8110599,,,,,,,,,,,,,,,,,,,,,,,,,,,,,,,,,
9458,2041.386508055,,20355,1746882261.1421673,,,,,,,,,,,,,,,,,,,,,,44.0,,,,,,,,,,,,
9493,2041.387495958,,20430,1746882265.6782537,,,,,,,,,,,,,,,,,,,,,,40.0,,,,,,,,,,,,
9517,2041.387790643,,20430,1746882265.6803594,0.8110599,,,,,,,,,,,,,,,,,,,,,,,,,,,,,,,,,
9574,2041.388448181,,20580,1746882274.7513025,,,,,,,,,,,,0.022858001,,,,,,,,,,,,,,,,,,,,,,
9580,2041.388518388,,20580,1746882274.7519548,,,,,,,,,,,,,,,,,,,,,,,,2.508222,,,,,,,,,,
9645,2041.389299311,,20730,1746882283.8254855,,,,,,,,,,,,,,,,,,,,,,,,,,,,,,,,0.048392095,,
9689,2041.390325623,,20805,1746882288.3635032,,,0.16988416,,,,,,,,,,,,,,,,,,,,,,,,,,,,,,,
9721,2041.39099752,,20880,1746882292.8998222,,,,,,,,,,,,,,,,,,,,15.971659,,,,,,,,,,,,,,
9738,2041.391193335,,20955,1746882297.434656,,,,,,,,,,,,,,,,,,,,,,68.0,,,,,,,,,,,,
9767,2041.391523525,,20955,1746882297.4373732,,,,,,,,121.259766,,,,,,,,,,,,,,,,,,,,,,,,,,
9770,2041.391557949,,21030,1746882301.970381,,,,,,,,,,,,,,,,,,,,,,,,,,,,,,,,,,-3.7939618
9814,2041.392051986,,21105,1746882306.5075114,,,,,,,,,3225600.0,,,,,,,,,,,,,,,,,,,,,,,,,
9848,2041.392443693,5.0,21180,1746882311.042492,,,,,,,,,,,,,,,,,,,,,,,,,,,,,,,,,,
9855,2041.392521682,,21180,1746882311.0432017,,,,,,,,,,,,,,,,,,,,,,,,,,,,,,,,0.052481063,,
9870,2041.39268942,,21180,1746882311.044515,,,,,,,,,,,0.0078125,,,,,,,,,,,,,,,,,,,,,,,
9879,2041.392789224,,21255,1746882315.5783634,,,,,,,,,,,,,,,,,,,,,,,,,40.0,,,,,,,,,
9893,2041.392945165,,21255,1746882315.579499,,,,,,,-0.0021194255,,,,,,,,,,,,,,,,,,,,,,,,,,,
9904,2041.393400925,,21255,1746882315.580467,,,,,,,,,,,,,,,,,,,,,,,,,,,,,,0.0,,,,
9915,2041.393701715,,21330,1746882320.113682,,,,,,,,,,,,,,,,,,,,,,,76.0,,,,,,,,,,,
9928,2041.394133794,,21330,1746882320.114608,,,,,,,-0.000872719,,,,,,,,,,,,,,,,,,,,,,,,,,,
9936,2041.394462304,,21330,1746882320.115514,,,,,,,,,,,,,,,,,,,,,,,,,,,,,,,0.33333334,,,
9955,2041.394715964,,21405,1746882324.649102,,,,0.0,,,,,,,,,,,,,,,,,,,,,,,,,,,,,,
9957,2041.394741515,,21405,1746882324.6497836,,,,,,,,,,,,,,,,,,0.1274414,,,,,,,,,,,,,,,,
10020,2041.395480347,,21555,1746882333.720138,,,,,,,,,,,,,,,,,,,,,,,32.0,,,,,,,,,,,
10030,2041.395595575,,21555,1746882333.721066,,,,,,,,,,,,,,,,,,,,,,,,,,,,,,,,0.051291313,,
10057,2041.395897498,,21630,1746882338.2568839,,,,,,,,,,,,,,,,172.0,,,,,,,,,,,,,,,,,,
10059,2041.395928202,,21630,1746882338.256955,,,,,,,,,4300800.0,,,,,,,,,,,,,,,,,,,,,,,,,
10101,2041.396405661,,21705,1746882342.7945397,,,,,,,,,,,,,,,,,,,,,,,,,,,4454400.0,,,,,,,
10119,2041.396611671,,21705,1746882342.7965658,,,,,,,,,,,,,,,,,,,0.7187586,,,,,,,,,,,,,,,
10124,2041.396833648,,21780,1746882347.330098,,,,,,,,,,,,,,,,,,,,,,,,,20.0,,,,,,,,,
10137,2041.397083185,,21780,1746882347.331277,,,,,,,,,,,,,,,,,,,,,,,,,,,,,2250.0,,,,,
10145,2041.397232975,,21780,1746882347.332132,,,,,,,,,,,,,,,,,,,,,0.04405286,,,,,,,,,,,,,
10263,2041.399204265,,22080,1746882365.4747667,,,,,,,,,,,,,,,,,,,,,,40.0,,,,,,,,,,,,
10266,2041.399236645,,22080,1746882365.474859,,,,,,,,,,,,,,,,,,,,,,,,,,,,176.0,,,,,,
10271,2041.399292017,,22080,1746882365.4756496,,,,,0.0003,,,,,,,,,,,,,,,,,,,,,,,,,,,,,
10322,2161.423472638,,22155,1746882370.013154,0.8294931,,,,,,,,,,,,,,,,,,,,,,,,,,,,,,,,,
10343,2161.423720325,,22230,1746882374.5482311,,,,,,,,,,,,,,0.14648438,,,,,,,,,,,,,,,,,,,,
10365,2161.423977006,,22305,1746882379.083527,,,,,,,,,,,,,,,,,,,,,,,,,,,,,,,,,,-7.0894394
10371,2161.424046324,,22305,1746882379.0837426,,,,,,,,,,,,,,,,,,,,,,,,,,,,180.0,,,,,,
10377,2161.424112998,,22305,1746882379.0846465,,,,,,,,,,,,,,,,,,0.1586914,,,,,,,,,,,,,,,,
10451,2161.426069835,,22455,1746882388.1587217,,,,,,,,,,,,,,,,,,,,,,,,,,,5990400.0,,,,,,,
10468,2161.426275088,,22455,1746882388.1604776,,0.4296875,,,,,,,,,,,,,,,,,,,,,,,,,,,,,,,,
10522,2161.426905374,,22605,1746882397.2310538,,,,,,,,,,,,,,,,,,,,,,,,,,,,,3075.0,,,,,
10540,2161.427109783,,22680,1746882401.764555,,,,,,,,,,,,,,,,,,,,,,,,,,,,,,,,,,-6.9793224
10601,2161.42782822,,22755,1746882406.408097,,,,,,,,,,,,,,,,,,,,,,,,,,,,,,,0.28070176,,,
10631,2161.428173876,,22830,1746882410.9437673,,,,,,,,,,,,,,,,,,,,50.645447,,,,,,,,,,,,,,
10668,2161.429041014,,22905,1746882415.4794784,,,,,,,,,,,,,,,,,,,,,,,,,,0.15748031,,,,,,,,
10725,2161.430194438,,23055,1746882424.548425,,,,0.0,,,,,,,,,,,,,,,,,,,,,,,,,,,,,,
10745,2161.430438961,,23055,1746882424.5507286,,,,,,,,,,,0.0078125,,,,,,,,,,,,,,,,,,,,,,,
10747,2161.430460367,,23055,1746882424.5507855,,,,,,,,188.7793,,,,,,,,,,,,,,,,,,,,,,,,,,
10878,2161.431958782,,23355,1746882442.692502,,,,,,,,,,,,,,,,,,,,,,,,,,0.17322835,,,,,,,,
10879,2161.431971298,,23355,1746882442.6925354,,,0.15444015,,,,,,,,,,,,,,,,,,,,,,,,,,,,,,,
10886,2161.432217063,,23355,1746882442.6931384,,,,,,,,,,,,,,,,,,,,,,,,,,,,,,,,,400.0,
