General/update_step,_step,_runtime,global_step,_timestamp,General/shaped_reward_agent0,Evaluation/1__cramped_room,Evaluation/2__asymm_advantages,Losses/entropy,Losses/total_loss,Evaluation/4__no_cooperation,Scaled_returns/evaluation_0__smallest_kitchen_scaled,Scaled_returns/evaluation_4__no_cooperation_scaled,returned_episode_lengths,Evaluation/0__smallest_kitchen,General/learning_rate,Scaled_returns/evaluation_1__cramped_room_scaled,Scaled_returns/evaluation_2__asymm_advantages_scaled,Losses/actor_loss,Scaled_returns/evaluation_3__square_arena_scaled,General/steps_for_env,General/env_index,Advantage_Targets/targets,Scaled_returns/evaluation_5__easy_layout_scaled,returned_episode,General/shaped_reward_annealed_agent0,Losses/reg_loss,Evaluation/5__easy_layout,returned_episode_returns,General/explore,Scaled_returns/returned_episode_returns_scaled,General/shaped_reward_agent1,Evaluation/3__square_arena,Losses/value_loss,General/env_step,reward,explore,General/shaped_reward_annealed_agent1,Advantage_Targets/advantages
150.0,52,120.825227872,150,1746880406.0760615,,,,,,,,,,,,,,,,,,,,,,,,,,,,,,,,,,
,117,120.826414168,300,1746880414.8190157,0.17773438,,,,,,,,,,,,,,,,,,,,,,,,,,,,,,,,,
,143,120.826725516,375,1746880419.1891818,,0.0,,,,,,,,,,,,,,,,,,,,,,,,,,,,,,,,
,214,120.827562527,525,1746880427.9236655,,,0.0,,,,,,,,,,,,,,,,,,,,,,,,,,,,,,,
,229,120.827732112,525,1746880427.924902,,,,0.7759607,,,,,,,,,,,,,,,,,,,,,,,,,,,,,,
,284,120.828615013,675,1746880436.6596148,,,0.0,,,,,,,,,,,,,,,,,,,,,,,,,,,,,,,
675.0,297,120.82888808,675,1746880436.6608825,,,,,,,,,,,,,,,,,,,,,,,,,,,,,,,,,,
,301,120.828980025,675,1746880436.661419,,,,,85.23207,,,,,,,,,,,,,,,,,,,,,,,,,,,,,
,321,120.829565461,750,1746880441.027263,,,,,,0.0,,,,,,,,,,,,,,,,,,,,,,,,,,,,
,338,120.83012936,750,1746880441.0291884,,,,,,,0.9133858,,,,,,,,,,,,,,,,,,,,,,,,,,,
,377,240.846328707,825,1746880445.3970833,,,,,,,,0.0,,,,,,,,,,,,,,,,,,,,,,,,,,
,381,240.846377786,825,1746880445.3976274,,,,,,,,,400.0,,,,,,,,,,,,,,,,,,,,,,,,,
,406,240.846680622,900,1746880449.7637632,,,,,70.48613,,,,,,,,,,,,,,,,,,,,,,,,,,,,,
,422,240.846926313,975,1746880454.1297405,,,,,,,,,,252.0,,,,,,,,,,,,,,,,,,,,,,,,
,431,240.84703641,975,1746880454.130627,,,,,,,,,,,0.0003,,,,,,,,,,,,,,,,,,,,,,,
,479,240.847814479,1050,1746880458.4994802,,,,,,,,,,,,0.0,,,,,,,,,,,,,,,,,,,,,,
,480,240.847850432,1050,1746880458.4995117,,,,,,,,,,,,,0.0,,,,,,,,,,,,,,,,,,,,,
,511,240.848648463,1125,1746880462.8678267,,,,,85.55355,,,,,,,,,,,,,,,,,,,,,,,,,,,,,
,564,240.849639695,1275,1746880471.6016142,,,0.0,,,,,,,,,,,,,,,,,,,,,,,,,,,,,,,
,578,240.84980422,1275,1746880471.6027632,,,,,,,,,,,,,,-0.011418102,,,,,,,,,,,,,,,,,,,,
1350.0,612,240.850200382,1350,1746880475.9691029,,,,,,,,,,,,,,,,,,,,,,,,,,,,,,,,,,
,621,240.850300589,1350,1746880475.969978,,,,,,,,,,,,,,,0.0,,,,,,,,,,,,,,,,,,,
,646,240.850597854,1425,1746880480.3362658,,,,,,,,,,,,,,,,2918400.0,,,,,,,,,,,,,,,,,,
,655,240.850700754,1425,1746880480.3373888,,,,,,,,,,,,,0.0,,,,,,,,,,,,,,,,,,,,,
,661,240.850767088,1425,1746880480.3379624,,,,,,,,,400.0,,,,,,,,,,,,,,,,,,,,,,,,,
,746,240.85181252,1650,1746880493.436558,,,,,,,,,,,0.0003,,,,,,,,,,,,,,,,,,,,,,,
,760,240.852268281,1650,1746880493.438174,,,,,,,,,,,,,0.0,,,,,,,,,,,,,,,,,,,,,
,848,240.853885805,1875,1746880506.5362968,,,,,,,,,,,,,,,,,0.0,,,,,,,,,,,,,,,,,
,911,240.8546363,2025,1746880515.2685742,,,,,,,,,,,,,,,,,,51.07938,,,,,,,,,,,,,,,,
,912,240.854648396,2025,1746880515.2686107,,,,,,,,,,252.0,,,,,,,,,,,,,,,,,,,,,,,,
,938,240.854948438,2025,1746880515.2707655,,,,,,,,,,,,,,,,,,,0.0,,,,,,,,,,,,,,,
,940,240.854970505,2025,1746880515.2708302,,,,,,,,,,,,,,,,,,,,0.0078125,,,,,,,,,,,,,,
,959,240.855189639,2100,1746880519.63665,,,,,,,,,,,,,,,,,,,,,0.08810344,,,,,,,,,,,,,
,965,240.855259071,2100,1746880519.6368544,,,,,,,,,,,,,,,,,,,,,,0.0,,,,,,,,,,,,
,971,240.855326704,2100,1746880519.6376348,,,,,,,,,,,,,,,0.0,,,,,,,,,,,,,,,,,,,
,982,240.855455999,2175,1746880524.002608,,,,,,,,,,260.0,,,,,,,,,,,,,,,,,,,,,,,,
,1005,240.855889503,2175,1746880524.0045233,,,,,,,,,,,,,0.0,,,,,,,,,,,,,,,,,,,,,
,1031,240.856487897,2250,1746880528.3728743,,,,,,,,,,,,,,,,4608000.0,,,,,,,,,,,,,,,,,,
,1086,240.857450519,2400,1746880537.1069074,,,,,,,,,,,,,,,,,,51.186783,,,,,,,,,,,,,,,,
,1111,240.857729755,2400,1746880537.1095145,,,,,,,,,,,,,,,0.0,,,,,,,,,,,,,,,,,,,
,1146,240.858157315,2475,1746880541.4756606,,,,,,,,,,,,,,,0.0,,,,,,,,,,,,,,,,,,,
,1151,240.85821386,2475,1746880541.476456,,,,,,,,,400.0,,,,,,,,,,,,,,,,,,,,,,,,,
,1156,240.858272834,2550,1746880545.8423564,,,,,,,,,,,,,,,,,,50.216545,,,,,,,,,,,,,,,,
,1162,240.858339643,2550,1746880545.8425686,,,,,,,,,,,,,,,,,,,,,,,0.0,,,,,,,,,,,
,1166,240.858382558,2550,1746880545.8430924,,,,,,,,,,,0.0003,,,,,,,,,,,,,,,,,,,,,,,
,1187,240.858620672,2550,1746880545.8455675,,,,,,,,,,,,,,,,,,,,,,,,259.9707,,,,,,,,,,
,1217,240.858957897,2625,1746880550.2122426,,,,,,,,0.0,,,,,,,,,,,,,,,,,,,,,,,,,,
,1221,240.859002751,2625,1746880550.212948,,,,,,,,,400.0,,,,,,,,,,,,,,,,,,,,,,,,,
,1235,240.859162164,2700,1746880554.5769274,,,,,,,,,,,,,,,,,,,,,,,,,0.0,,,,,,,,,
,1257,240.859561052,2700,1746880554.5797672,,,,,,,,,,,,,,,,,,,,,,,,257.50977,,,,,,,,,,
,1281,240.860055946,2775,1746880558.9473271,,,,,55.827152,,,,,,,,,,,,,,,,,,,,,,,,,,,,,
,1364,360.877844905,2925,1746880567.6806118,,,,,,,,,,,,,,,,,,,,,,,,,,1.0138564,,,,,,,,
3000.0,1382,360.878329576,3000,1746880572.0456848,,,,,,,,,,,,,,,,,,,,,,,,,,,,,,,,,,
,1408,360.879012604,3075,1746880576.4128733,,,,,,,,,,,,,,,,,0.0,,,,,,,,,,,,,,,,,
,1414,360.879087794,3075,1746880576.4135897,,,,,,,,,,,,,,,,,,,,,0.045981817,,,,,,,,,,,,,
,1448,360.879491023,3150,1746880580.780539,,,,,,,,,,,,,,,,,,,,,,,,,,,0.2211914,,,,,,,
,1461,360.879642738,3150,1746880580.7818146,,,,,,,,,,,,,,,0.0,,,,,,,,,,,,,,,,,,,
,1476,360.879813244,3225,1746880585.2414608,,,,,,0.0,,,,,,,,,,,,,,,,,,,,,,,,,,,,
,1491,360.879981847,3225,1746880585.2430522,,,,,41.43203,,,,,,,,,,,,,,,,,,,,,,,,,,,,,
,1615,360.881828223,3525,1746880602.705154,,,,,,,,,,,,,,,,,,,,,,,,,,,,0.0,,,,,,
,1624,360.882036034,3525,1746880602.7061427,,,,,,,,,,,,,,,,,,,,,0.022887215,,,,,,,,,,,,,
,1673,360.882957504,3600,1746880607.074266,,,,,,,,,,,,,,,,,,,0.0,,,,,,,,,,,,,,,
,1702,360.883288055,3675,1746880611.4396768,,,,,,,,,,,,,,,,,,,,,,,,,,,,,82.85318,,,,,
,1724,360.883545645,3750,1746880615.8044431,,,,,,,,,,,,,,,,,,,,,,,,,,,,,,7680000.0,,,,
,1734,360.883658127,3750,1746880615.8053522,,,,0.70935535,,,,,,,,,,,,,,,,,,,,,,,,,,,,,,
,1748,360.883821221,3750,1746880615.8068862,,,,,,,,,,,,,,,,,,,,,,,,,,,,,,,0.625,,,
,1759,360.883947358,3825,1746880620.1722155,,,,,,,,,,,,,,,,,,,,,,,,,,,,,,7833600.0,,,,
,1830,480.906231247,3981,1746880753.4525352,,,,,,,,,,,,,,,,,,,,,,,,,,,,,,153600.0,,,,
,1850,480.906507596,3981,1746880753.455003,,,,,,,,,,,,,,,,,,,,,,,,,,,,,,,,0.0,,
,1881,480.907182407,4056,1746880757.885657,,,,,,,,,,,,,0.0,,,,,,,,,,,,,,,,,,,,,
,1896,480.907514514,4131,1746880762.3144617,,,,,,,,,,,,,,,,,,,,,,,,,,,,0.0,,,,,,
,1920,480.908298696,4131,1746880762.3169446,,,,,,,,,,,,,,,,,,,,,,,,,,,,,,,,0.0,,
,1925,480.908359578,4131,1746880762.3170815,,,,,,,,,,,,,,,,,,,,,,,,,,0.0,,,,,,,,
,1958,480.908766181,4206,1746880766.7484443,,,,,,,,,,,,,,,,,,,,,,,,0.0,,,,,,,,,,
,1973,480.908934666,4281,1746880771.1815279,0.0029296875,,,,,,,,,,,,,,,,,,,,,,,,,,,,,,,,,
,1974,480.908946396,4281,1746880771.1815574,,,,,,,,,,,,,,,,,,,,,,,,,,,0.0073242188,,,,,,,
,1975,480.908957781,4281,1746880771.1817493,,,,,,,,,,,,,,,,,,,,,0.0026491876,,,,,,,,,,,,,
,2001,480.9092567,4356,1746880775.616045,,,,,,,,,,,,,,,,,,,,,,,,,,,,0.0,,,,,,
,2009,480.909347967,4356,1746880775.6169713,,,,,,,,,,,,,,,,,,,,,,,,,,,0.0,,,,,,,
,2028,480.90957963,4356,1746880775.6183875,,,,,,,,,,,,,,,,,,,,,,,,0.0,,,,,,,,,,
,2060,480.909954438,4431,1746880780.050899,,,,,,,,,,,,,,,,,,,,,,,,,,,,,,,,0.0,,
,2081,480.910192287,4506,1746880784.4832387,,,,,,,,,,,,,,,,,,,,,,,,,,,,,,,,,0.0024804375,
,2084,480.91022791,4506,1746880784.4833262,,,,,,,,,,,,,,-0.00085931394,,,,,,,,,,,,,,,,,,,,
,2132,480.91077603,4581,1746880788.919282,,,,,,,,,400.0,,,,,,,,,,,,,,,,,,,,,,,,,
,2144,480.910908257,4656,1746880793.3523293,,,,,,,,,,,,,,,,,1.0,,,,,,,,,,,,,,,,,
,2145,480.910919651,4656,1746880793.3523586,,,,,,,,,,,,,,,,,,,,,,,,,,,,,,1536000.0,,,,
,2146,480.910930986,4656,1746880793.352386,,,,,,,,,,,,,,,,,,,,,,,,,0.0,,,,,,,,,
,2149,480.9109648,4656,1746880793.3531961,,,,,,,,,,,,,,,,,,,,,,,,,,,0.0,,,,,,,
,2156,480.911050062,4656,1746880793.3534334,,,,,,,,,,,,,,,,,,,,,,1.9583517,,,,,,,,,,,,
,2210,480.912418428,4806,1746880802.219779,,,0.0,,,,,,,,,,,,,,,,,,,,,,,,,,,,,,,
,2260,600.929623721,4881,1746880806.6543336,,,,0.25733954,,,,,,,,,,,,,,,,,,,,,,,,,,,,,,
,2352,600.931496473,5106,1746880819.9538765,,,,,,0.0,,,,,,,,,,,,,,,,,,,,,,,,,,,,
,2364,600.931633798,5106,1746880819.9551013,,,,,,,,,,,,,,-0.0004064037,,,,,,,,,,,,,,,,,,,,
,2368,600.931680218,5106,1746880819.9552147,,,,,,,,,,,,,,,,,,,,,,,,,,,,,0.00010713429,,,,,
,2381,600.931834985,5181,1746880824.3868625,,,,,,,,,,,,,,,,,,,,,,,,,,,,,,,,,,-0.0062757004
,2407,600.932132707,5181,1746880824.3890128,,,,,,,,,,,,,,,0.0,,,,,,,,,,,,,,,,,,,
,2419,600.932265981,5256,1746880828.819205,,0.0,,,,,,,,,,,,,,,,,,,,,,,,,,,,,,,,
,2420,600.932276244,5256,1746880828.8192453,,,0.0,,,,,,,,,,,,,,,,,,,,,,,,,,,,,,,
,2430,600.932394848,5256,1746880828.8202736,,,,,,,,,,,,,,,,,,,,,0.0,,,,,,,,,,,,,
,2431,600.932404997,5256,1746880828.8203037,,,,,,,,,,,,,,,,,,,,,,,,,,,,,,,,,0.0,
,2474,600.932888113,5331,1746880833.2550852,,,,,,,1.023622,,,,,,,,,,,,,,,,,,,,,,,,,,,
,2506,600.933246981,5406,1746880837.688401,,,,,,,,,,,,,,,,,,,,,,1.344241,,,,,,,,,,,,
,2525,600.933670526,5481,1746880842.119376,,,0.0,,,,,,,,,,,,,,,,,,,,,,,,,,,,,,,
,2540,600.933966194,5481,1746880842.1205518,,,,0.21954237,,,,,,,,,,,,,,,,,,,,,,,,,,,,,,
,2554,600.934316761,5481,1746880842.1219618,,,,,,,,,,,,,,,,,,,,,,,,,,,,,,,0.0,,,
,2572,600.934872768,5556,1746880846.5531397,,,,,,,,,,,,,,,,3379200.0,,,,,,,,,,,,,,,,,,
,2574,600.93489536,5556,1746880846.5532026,,,,,,,,,,,,,,-0.0004889193,,,,,,,,,,,,,,,,,,,,
,2593,600.935113062,5631,1746880850.985306,,,,,,,,,,260.0,,,,,,,,,,,,,,,,,,,,,,,,
,2626,600.935483069,5706,1746880855.4182603,,,,,,,,,,,,,,,,,,,,,,,,,,,,,,,,,,-0.00021730935
1800.0,2643,600.935669861,5706,1746880855.4195068,,,,,,,,,,,,,,,,,,,,,,,,,,,,,,,,,,
,2653,600.935780363,5706,1746880855.42042,,,,,,,,0.0,,,,,,,,,,,,,,,,,,,,,,,,,,
,2673,600.936002247,5781,1746880859.8532867,0.0,,,,,,,,,,,,,,,,,,,,,,,,,,,,,,,,,
,2681,600.93609159,5781,1746880859.8536224,,,,,,,,,,,,,,,,,,,,,,1.6159005,,,,,,,,,,,,
,2684,600.93612558,5781,1746880859.8543756,,,,,,,0.992126,,,,,,,,,,,,,,,,,,,,,,,,,,,
,2708,600.936385414,5856,1746880864.2863674,0.0,,,,,,,,,,,,,,,,,,,,,,,,,,,,,,,,,
,2715,600.936467851,5856,1746880864.2868383,,,,0.2885712,,,,,,,,,,,,,,,,,,,,,,,,,,,,,,
,2758,600.936976513,5931,1746880868.7222016,,,,,,,,0.0,,,,,,,,,,,,,,,,,,,,,,,,,,
,2760,600.936997713,5931,1746880868.7224672,,,,,,,,,,,,,,,,,,,,,,,,,,,,,,,,0.0,,
,2767,600.937073541,6006,1746880873.1543155,,,,,,,,,,,,,,,,,,0.10286167,,,,,,,,,,,,,,,,
,2833,600.938663039,6081,1746880877.5921676,,,,,,,,,,,,,,,,,,,,,,,,0.0,,,,,,,,,,
,2870,600.939126819,6156,1746880882.0263798,,,,,,,,,,,,,,,,,,,,,,,,,,0.0,,,,,,,,
,2899,600.939460187,6231,1746880886.4594545,,,,,,,,,,,,,,,,,,,0.0,,,,,,,,,,,,,,,
,2926,600.939773888,6306,1746880890.892458,,,,,,,,,,,,,,,,,,,,,,1.4706697,,,,,,,,,,,,
,2951,600.940051562,6381,1746880895.325184,,,,,,,,,,,,,,,,,,,,,,,,,0.0,,,,,,,,,
,2956,600.940106804,6381,1746880895.3260446,,,,,,,,,,,,,,,,,,,,,,,,,,,,,,,,,0.0016112813,
,2983,600.94041965,6456,1746880899.85586,,,,,,,,,,,,,,,,,,,,,,,0.0,,,,,,,,,,,
,2994,600.940542417,6456,1746880899.8570218,,,,,,,,,,,,,,-0.0004346734,,,,,,,,,,,,,,,,,,,,
,3074,600.942311848,6606,1746880908.7235126,,,,,,,,,,,,,,,,,,,0.0,,,,,,,,,,,,,,,
,3095,600.942587261,6681,1746880913.1545496,,,,,,,,,,,,,,,,,,,,,0.0011322501,,,,,,,,,,,,,
,3153,600.943244923,6831,1746880922.0194042,,,,,,,,,,256.0,,,,,,,,,,,,,,,,,,,,,,,,
,3156,600.943275721,6831,1746880922.0195081,,,,,,,,,,,,,,,,,,,,,,,,,,,,0.0,,,,,,
,3192,720.959274106,6906,1746880926.4520516,,,,,,,,,,,,,,,,,,,,,,,,,,,,0.0,,,,,,
,3199,720.959363503,6906,1746880926.4527345,0.0,,,,,,,,,,,,,,,,,,,,,,,,,,,,,,,,,
,3208,720.959482436,6906,1746880926.4532187,,,,,5.5342774,,,,,,,,,,,,,,,,,,,,,,,,,,,,,
,3233,720.959778467,6981,1746880930.8841374,,,,,,,,,,,0.0003,,,,,,,,,,,,,,,,,,,,,,,
,3238,720.959834464,6981,1746880930.8842914,,,,,,,,,,,,,,,,6297600.0,,,,,,,,,,,,,,,,,,
,3247,720.959941949,6981,1746880930.885104,,,,,,,,,,,,,0.0,,,,,,,,,,,,,,,,,,,,,
,3250,720.959975244,6981,1746880930.8852,,,,,,,,,,,,,,,,,,,0.0,,,,,,,,,,,,,,,
,3265,720.960143539,7056,1746880935.3155448,,,,,,,,,,,,,,,,,1.0,,,,,,,,,,,,,,,,,
,3284,720.960359109,7056,1746880935.317416,,,,,,,,0.0,,,,,,,,,,,,,,,,,,,,,,,,,,
,3320,720.96078924,7131,1746880939.7512724,,,,,,,,,,,,,,,,,,,0.0,,,,,,,,,,,,,,,
,3321,720.960799419,7131,1746880939.751313,,,,,,,,,,,,,,,,,,,,,,,,,,,,,,,,0.0,,
,3398,720.962615976,7356,1746880953.04694,,,,,,,,,,,,,,,,,,3.73542,,,,,,,,,,,,,,,,
,3412,720.962777336,7356,1746880953.0480015,,,,,,,,,,,,,,,,,,,,,,,,,,,,,,,,,0.0,
,3456,720.963295808,7431,1746880957.4796844,,,,,,,,,,,,0.07017544,,,,,,,,,,,,,,,,,,,,,,
,3464,720.963385115,7431,1746880957.4804716,,,,,,,,,,,,,,,,,,,,,,,,17.490234,,,,,,,,,,
,3478,720.963548203,7506,1746880961.9109566,,,,,,,,,,,0.0003,,,,,,,,,,,,,,,,,,,,,,,
,3498,720.963772447,7506,1746880961.9125829,,,,,,,,,400.0,,,,,,,,,,,,,,,,,,,,,,,,,
,3513,720.96394324,7581,1746880966.3414977,,,,,,,,,,,0.0003,,,,,,,,,,,,,,,,,,,,,,,
,3539,720.964240998,7656,1746880970.7736742,,,,,,,,,,260.0,,,,,,,,,,,,,,,,,,,,,,,,
,3567,720.96456422,7656,1746880970.7761252,,,,,,,,,,,,,,,,,,,,0.0078125,,,,,,,,,,,,,,
,3605,720.965206853,7731,1746880975.2096655,,,,,,,,,,,,,,,,,,,,,,,,,,,,,,,0.0390625,,,
,3644,840.990441994,7887,1746881104.8996615,,,,,,,,,,260.0,,,,,,,,,,,,,,,,,,,,,,,,
,3646,840.990468308,7887,1746881104.8997195,,,0.0,,,,,,,,,,,,,,,,,,,,,,,,,,,,,,,
,3727,840.991422138,8037,1746881114.147702,,,,,,,,,,,,,,,,,,,,,,,,,,,,,,,,,0.0013808437,
,3749,840.991676761,8112,1746881118.7716372,,,,,,,,,,260.0,,,,,,,,,,,,,,,,,,,,,,,,
,3790,840.992455292,8187,1746881123.395836,,,,,,,,,,,,,,,,,2.0,,,,,,,,,,,,,,,,,
,3827,840.993511214,8262,1746881128.0194285,,,,,,,,,,,,,,,,,,,,,,,,,0.0,,,,,,,,,
,3849,840.993767568,8262,1746881128.0217319,,,,,,,,,,,,,,,,,,,,,,,,0.0,,,,,,,,,,
,3851,840.993789826,8262,1746881128.0217977,,,,,,,,,,,,,,,,,,,,,,,,,,0.0,,,,,,,,
,3864,840.993933965,8337,1746881132.6424818,0.0,,,,,,,,,,,,,,,,,,,,,,,,,,,,,,,,,
,3913,840.994490444,8412,1746881137.266273,,,,,,,,,,,,,,,0.0,,,,,,,,,,,,,,,,,,,
,3931,840.994692315,8487,1746881141.888015,,,,,,,,,,,,,,,,,,,,,,,,,,,,,,1382400.0,,,,
,3940,840.994792046,8487,1746881141.8895638,,,,,,,,,,,,,,-0.0022033344,,,,,,,,,,,,,,,,,,,,
,3982,840.995267411,8562,1746881146.5138063,,,,,,,,,,,,,0.0,,,,,,,,,,,,,,,,,,,,,
,4005,840.995525648,8637,1746881151.1375122,,,,,,,,,,,,,,,,,,,,,,,,,,,0.029296875,,,,,,,
,4072,840.997180535,8787,1746881160.3858275,,,,,,,,,,,,,,,,,,,,,,,,,0.0,,,,,,,,,
,4076,840.997230736,8787,1746881160.3866208,,,,,,,,,,,,,,,,,,,,,0.0,,,,,,,,,,,,,
,4077,840.997242157,8787,1746881160.3866568,,,,,,,,,,,,,,,,,,,,,,,,,,,,,,,,,0.025290657,
,4088,840.997376456,8787,1746881160.3876536,,,,,,,,,,,,,,,0.0,,,,,,,,,,,,,,,,,,,
,4145,961.014371774,8937,1746881169.6385922,,,,,,,,,,,,,,,,,,,,,,,,,,,0.0043945312,,,,,,,
,4147,961.014401496,8937,1746881169.6386492,,,,,,,,,,,,,,,,,,,,,,,,,,,,,,,,,0.0031300313,
,4162,961.014791813,8937,1746881169.6399817,,,,,,,,,,,,,,,,,,,,0.0078125,,,,,,,,,,,,,,
,4178,961.015145003,9012,1746881174.263496,,,,,,,,,,,0.0003,,,,,,,,,,,,,,,,,,,,,,,
,4210,961.016010048,9087,1746881178.8884797,,,,,,,,,,,,,,,,,2.0,,,,,,,,,,,,,,,,,
,4212,961.01625201,9087,1746881178.888546,,,,,,,,,,,,,,,,,,,,,,,,,0.0,,,,,,,,,
,4237,961.016580742,9162,1746881183.5160985,,,,,,,,,,,,,,,,,,,,,,,,,,,,,,,,,,-0.02988097
,4358,961.018001918,9387,1746881197.400172,,,,,,,,,,,,,,,,3225600.0,,,,,,,,,,,,,,,,,,
1575.0,4359,961.018012537,9387,1746881197.4002001,,,,,,,,,,,,,,,,,,,,,,,,,,,,,,,,,,
,4367,961.018105947,9387,1746881197.4008803,,,,,,,,,,,,,0.04405286,,,,,,,,,,,,,,,,,,,,,
,4393,961.018414988,9462,1746881202.0265703,,,,,,,,,,,,,,,,3379200.0,,,,,,,,,,,,,,,,,,
,4417,961.018692877,9537,1746881206.6515162,,,,,,,,,,,,,,,,,,,,,,,,,,,,0.0,,,,,,
,4427,961.019106303,9537,1746881206.6522238,,,,,,,,,,,,,,,,,,,,,,,,,,,,,,,,,0.0008183437,
,4437,961.019325519,9537,1746881206.6533275,,,,,,,,,,,,,0.04405286,,,,,,,,,,,,,,,,,,,,,
,4460,961.020064454,9612,1746881211.2775993,,,,,,,,,,,,,,,,,,,,,,,,,,,0.01953125,,,,,,,
,4484,961.020355532,9687,1746881216.0072103,,,,,,,,,,256.0,,,,,,,,,,,,,,,,,,,,,,,,
,4492,961.020451662,9687,1746881216.0074682,,,,,,,,,,,,,,,,,,,,,,,,,0.0,,,,,,,,,
1950.0,4534,961.020924135,9762,1746881220.6374428,,,,,,,,,,,,,,,,,,,,,,,,,,,,,,,,,,
,4542,961.021015066,9762,1746881220.6381986,,,,,,,,,,,,,0.061674006,,,,,,,,,,,,,,,,,,,,,
,4550,961.021103471,9762,1746881220.638549,,,,,,,,,,,,,,,,,,,,,,,,,,,,,,,0.0,,,
,4562,961.021238383,9837,1746881225.2630417,,,,,,,,,,,,,,,,,,,,,,,,,0.0,,,,,,,,,
,4574,961.021378774,9837,1746881225.2643914,,,,,,,,,,,,,,,,,,,,,,,,,,,,,6.476838,,,,,
,4586,961.021522404,9837,1746881225.2655048,,,,,,,,,,,,,,,,,,,,,,,,,,0.06336901,,,,,,,,
,4620,961.021902416,9912,1746881229.8948944,,,,,,,,,,,,,,,,,,,,,,,,,,,,,,,0.16601562,,,
,4622,961.021924962,9987,1746881234.5200284,,,,,,,,,,,,,,,,,,,,,,,,,,,,,,,,,,-1.7633296
,4649,961.022231849,9987,1746881234.5225654,,,,,,,,0.0,,,,,,,,,,,,,,,,,,,,,,,,,,
,4669,961.022756603,10062,1746881239.1495278,0.0,,,,,,,,,,,,,,,,,,,,,,,,,,,,,,,,,
,4695,961.023296241,10137,1746881243.7772794,,48.0,,,,,,,,,,,,,,,,,,,,,,,,,,,,,,,,
,4721,961.024060782,10137,1746881243.7795417,,,,,,,,,,,,,,,,,,,,,,,,,,,,,,,,0.0,,
,4771,961.024666476,10287,1746881253.035307,,,,,,,,,,,,,,,,,,,,,,,,,,,,,,5068800.0,,,,
,4772,961.024678829,10287,1746881253.0353441,,,,,,,,,,,,,,,,,,,,,,,,,0.0,,,,,,,,,
,4786,961.024843109,10287,1746881253.0369885,,,,,,,,,,,,0.07017544,,,,,,,,,,,,,,,,,,,,,,
,4796,961.02495689,10287,1746881253.037764,,,,,,,,,,,,,,,,,,,,,,,,,,0.22030734,,,,,,,,
,4809,961.025104949,10362,1746881257.665046,0.0,,,,,,,,,,,,,,,,,,,,,,,,,,,,,,,,,
,4825,961.025287418,10362,1746881257.6666987,,,,,,,,,,,,,,,,,,,0.0,,,,,,,,,,,,,,,
,4865,961.025754328,10437,1746881262.295442,,,,,,,,,,,,,,,,,,,,,,,,,,,,,,,0.29296875,,,
,4920,961.026391278,10587,1746881271.551737,,,,,,,,,,,,,,-0.0029242802,,,,,,,,,,,,,,,,,,,,
,4926,961.026461272,10587,1746881271.5523264,,,,,,,,,,,,0.22807018,,,,,,,,,,,,,,,,,,,,,,
,4946,961.026687011,10662,1746881276.1798804,,,,,,,,,,,,,,,,,,,,,,,,,,,,,,5836800.0,,,,
2850.0,4954,961.027040422,10662,1746881276.180522,,,,,,,,,,,,,,,,,,,,,,,,,,,,,,,,,,
,4958,961.027124728,10662,1746881276.1806571,,,,,19.105103,,,,,,,,,,,,,,,,,,,,,,,,,,,,,
,4988,961.028039187,10737,1746881280.8102508,,,,,,,,,,,,,,,,5990400.0,,,,,,,,,,,,,,,,,,
,4994,961.028113177,10737,1746881280.8110063,,,,,,,,,,,,,,,,,,,,,,,,,,,,,33.7239,,,,,
,5001,961.028196706,10737,1746881280.811899,,,,,,,,,,,,,,,,,,,,,,,,,,,,,,,,0.0,,
,5004,961.028231759,10737,1746881280.811991,,,,,,,,,,,,,,,,,,,,,,,,120.0293,,,,,,,,,,
,5013,1081.044343967,10812,1746881285.4384718,,,,,,,,,,,,,,,,,,,,,,,,,,,,0.0,,,,,,
,5018,1081.04447168,10812,1746881285.4386258,,,,,,,,,,,,,,,,,,,,,,,,,0.0,,,,,,,,,
,5037,1081.044926361,10812,1746881285.440729,,,,,,,,,,,,,,,,,,,,,,,,,,,,,,,,0.0,,
,5058,1081.045555668,10887,1746881290.0685768,,,,,,,,,,,,,,,,,,,,,,,,,,,,,,,,,0.033290006,
3075.0,5060,1081.045581355,10887,1746881290.0686362,,,,,,,,,,,,,,,,,,,,,,,,,,,,,,,,,,
,5068,1081.045678657,10887,1746881290.0692744,,,,,,,,,,,,,0.29955947,,,,,,,,,,,,,,,,,,,,,
,5085,1081.045893491,10962,1746881294.6961064,,,,,,,,,,,,,,,,,,,,,,,0.0,,,,,,,,,,,
,5099,1081.046061362,10962,1746881294.6973414,,,,,22.016415,,,,,,,,,,,,,,,,,,,,,,,,,,,,,
,5104,1081.046118952,10962,1746881294.698046,,,,,,,,,,,,,,,0.0,,,,,,,,,,,,,,,,,,,
,5132,1081.046447543,11037,1746881299.3260665,,,,0.61049366,,,,,,,,,,,,,,,,,,,,,,,,,,,,,,
,5145,1081.046598918,11037,1746881299.3275466,,,,,,,,,,,,,,,,,,,,,,,,121.38672,,,,,,,,,,
,5154,1081.046701704,11112,1746881303.9542787,,,,,,0.0,,,,,,,,,,,,,,,,,,,,,,,,,,,,
3300.0,5165,1081.046825914,11112,1746881303.955231,,,,,,,,,,,,,,,,,,,,,,,,,,,,,,,,,,
,5213,1081.047374116,11187,1746881308.587103,,,,,,,,,,,,,,,,,,,,0.0078125,,,,,,,,,,,,,,
,5216,1081.04741164,11187,1746881308.5879529,,,,,,,,,,,,,,,,,,,,,,,,,,,,,,,0.32226562,,,
,5238,1081.047856581,11262,1746881313.2146487,,,,,,,,,,,,,,,,,,,,,,0.91706777,,,,,,,,,,,,
,5249,1081.048081367,11262,1746881313.215596,,,,,,,,,400.0,,,,,,,,,,,,,,,,,,,,,,,,,
,5265,1081.048408329,11337,1746881317.8424592,0.0,,,,,,,,,,,,,,,,,,,,,,,,,,,,,,,,,
,5289,1081.049154658,11412,1746881322.4700103,,,,,,,,,,,,,,,,,,21.17731,,,,,,,,,,,,,,,,
,5296,1081.049234274,11412,1746881322.4702346,,,,,,,,,,,,,,,,,2.0,,,,,,,,,,,,,,,,,
,5297,1081.049247741,11412,1746881322.4702623,,,,,,,,,,,,,,,,,,,,,,,,,,,,,,7372800.0,,,,
,5301,1081.04929481,11412,1746881322.471019,,,,,,,,,,,,,,,,,,,,,,,,,,,0.19238281,,,,,,,
,5321,1081.049534329,11412,1746881322.472872,,,,,,,,,,,,,,,,,,,,,,,,,,,,,,,0.3125,,,
,5335,1081.049694725,11487,1746881327.0988038,0.0,,,,,,,,,,,,,,,,,,,,,,,,,,,,,,,,,
,5391,1081.050333555,11562,1746881331.7295046,,,,,,,,,,,,,,,,,,,,,,,,,,,,,,,0.37109375,,,
,5430,1081.050782287,11712,1746881340.9847312,,,,,,,,,,260.0,,,,,,,,,,,,,,,,,,,,,,,,
,5491,1201.074600302,11793,1746881466.3782623,,,,,,,,,,,,,,,,,,,0.0,,,,,,,,,,,,,,,
,5493,1201.074626494,11793,1746881466.3783154,,,,,,,,,,,,,,,,,,,,0.0078125,,,,,,,,,,,,,,
,5495,1201.07465642,11793,1746881466.3783677,,,,,,,,,,,,,,,,,,,,,,,,0.0,,,,,,,,,,
,5500,1201.074724718,11868,1746881470.7341495,,,,,,,,,,260.0,,,,,,,,,,,,,,,,,,,,,,,,
,5503,1201.074765214,11868,1746881470.7342427,,,,,,,,,,,,,,,,,,,,,,,,,,,,0.0,,,,,,
,5538,1201.076180689,11943,1746881475.0964034,,,,,,,,,,,,,,,,,,,,,,,,,,,,0.0,,,,,,
,5545,1201.076280697,11943,1746881475.09742,0.0029296875,,,,,,,,,,,,,,,,,,,,,,,,,,,,,,,,,
,5563,1201.076503461,11943,1746881475.0988135,,,,,,,,,,,,,,,,,,,,0.0078125,,,,,,,,,,,,,,
,5573,1201.076618788,12018,1746881479.45462,,,,,,,,,,,,,,,,,,,,,,,,,,,,0.0,,,,,,
,5604,1201.076988568,12093,1746881483.810922,,,,,,,,,,,,,,,,,,0.029491115,,,,,,,,,,,,,,,,
,5605,1201.07699984,12093,1746881483.8109548,,,,,,,,,,240.0,,,,,,,,,,,,,,,,,,,,,,,,
,5610,1201.077054538,12093,1746881483.8110988,,,,,,,,,,,,,,,,,,,,,,,0.0,,,,,,,,,,,
,5644,1201.077461716,12168,1746881488.1677423,,,,,,0.0,,,,,,,,,,,,,,,,,,,,,,,,,,,,
,5666,1201.07772638,12168,1746881488.1700418,,,,,,,,,,,,,,,,,,,0.0,,,,,,,,,,,,,,,
,5674,1201.077831568,12243,1746881492.5249896,,,,,,,,,,,,,,,,,,-0.0047459262,,,,,,,,,,,,,,,,
,5694,1201.078083571,12243,1746881492.5265982,,,,,2.608686,,,,,,,,,,,,,,,,,,,,,,,,,,,,,
,5704,1201.078198974,12243,1746881492.5273724,,,,,,,,,400.0,,,,,,,,,,,,,,,,,,,,,,,,,
,5710,1201.078268014,12318,1746881496.8840475,,,,,,,,,,232.0,,,,,,,,,,,,,,,,,,,,,,,,
,5719,1201.078369749,12318,1746881496.8844318,,,,,,,,,,,0.0003,,,,,,,,,,,,,,,,,,,,,,,
,5745,1201.079004133,12393,1746881501.24458,,,,,,,,,,216.0,,,,,,,,,,,,,,,,,,,,,,,,
,5803,1201.08036116,12468,1746881505.6072946,,,,,,,,,,,,,0.27312773,,,,,,,,,,,,,,,,,,,,,
,5812,1201.080470748,12468,1746881505.6080256,,,,,,,,,,,,,,,,,,,,,,,,,,0.0,,,,,,,,
,5847,1201.080869312,12543,1746881509.9688487,,,,,,,,,,,,,,,,,,,,,,,,,,0.0,,,,,,,,
,5852,1201.080924709,12618,1746881514.3275142,,,156.0,,,,,,,,,,,,,,,,,,,,,,,,,,,,,,,
,5878,1201.081216798,12618,1746881514.330095,,,,,,,,,,,,,,,,,,,,0.0078125,,,,,,,,,,,,,,
,5926,1201.081756363,12768,1746881523.0489779,,,,,,,,,,,,,,,,,3.0,,,,,,,,,,,,,,,,,
,5933,1201.081834853,12768,1746881523.0499365,,,,,,,,,,,,,,,,,,,,,,,,,,,,,,,,,0.0032144063,
,5934,1201.081846105,12768,1746881523.0499666,,,,,,,,,,,,,,,,2150400.0,,,,,,,,,,,,,,,,,,
,5951,1201.08204146,12768,1746881523.0518029,,,,,,,,,,,,,,,,,,,,,,,,,,,,,,,0.0,,,
,5967,1321.097888938,12843,1746881527.411219,,,,,,,,,,,,,,,,,,,,,0.00834675,,,,,,,,,,,,,
,5977,1321.098023882,12843,1746881527.4121096,,,,,,,,,,,,0.0,,,,,,,,,,,,,,,,,,,,,,
,5991,1321.098576587,12918,1746881531.8792288,,0.0,,,,,,,,,,,,,,,,,,,,,,,,,,,,,,,,
1275.0,6040,1321.099917539,12993,1746881536.2422435,,,,,,,,,,,,,,,,,,,,,,,,,,,,,,,,,,
,6065,1321.100216419,13068,1746881540.6035793,,,,,,,,,,,,,,,,,,,,,,,0.0,,,,,,,,,,,
,6067,1321.100237693,13068,1746881540.6036422,,,,,,,,,,,,,,,,,,,,,,,,,,,,,,2764800.0,,,,
,6153,1321.101237785,13218,1746881549.3321822,,,,,,,,,,,,,0.32599118,,,,,,,,,,,,,,,,,,,,,
,6277,1321.103212663,13518,1746881566.7845113,,,,,,,,,,,,,,,,,,,,,,,,,,,,,,3686400.0,,,,
,6300,1321.103810653,13518,1746881566.7867029,,,,,,,,,,,,,,,,,,,,,,,,0.0,,,,,,,,,,
,6306,1321.103879339,13593,1746881571.1480432,,0.0,,,,,,,,,,,,,,,,,,,,,,,,,,,,,,,,
,6315,1321.10398169,13593,1746881571.1489334,0.049316406,,,,,,,,,,,,,,,,,,,,,,,,,,,,,,,,,
,6328,1321.104137025,13593,1746881571.1501627,,,,,,,,,,,,,0.33480173,,,,,,,,,,,,,,,,,,,,,
,6363,1321.104583903,13668,1746881575.5138304,,,,,,,,,,,,,0.3524229,,,,,,,,,,,,,,,,,,,,,
,6365,1321.104606411,13668,1746881575.5142913,,,,,,,,0.0,,,,,,,,,,,,,,,,,,,,,,,,,,
,6375,1321.104724355,13743,1746881579.87706,,,,,,,,,,192.0,,,,,,,,,,,,,,,,,,,,,,,,
,6423,1321.105308266,13818,1746881584.2426906,,,,,,,,,,,,,,,,,,,,,,,,,,,,,,,,,0.007003094,
,6426,1321.105346227,13818,1746881584.2427816,,,,,,,,,,,,,,-0.0011512581,,,,,,,,,,,,,,,,,,,,
,6429,1321.105382635,13818,1746881584.24287,,,,,4.270747,,,,,,,,,,,,,,,,,,,,,,,,,,,,,
,6449,1321.105644292,13893,1746881588.6052833,,,,,,0.0,,,,,,,,,,,,,,,,,,,,,,,,,,,,
,6522,1321.106922757,14043,1746881597.3331518,,,,,,,,,,,,,,,,,,,,,,,,,,,,,,4761600.0,,,,
,6528,1321.107125443,14043,1746881597.3339376,,,,,,,,,,,,,,,,,,,,,,,,,,,,,,,,,0.0021755937,
,6553,1321.107727687,14118,1746881601.6973233,,,,,,,,,,,,,,,,,,,,,,,,,,,,0.0,,,,,,
,6557,1321.10777378,14118,1746881601.6974733,,,,,,,,,,,,,,,,,,,,,,,,,,,,,,4915200.0,,,,
,6564,1321.107856167,14118,1746881601.6984115,,,,,,,,,,,,,,,,4915200.0,,,,,,,,,,,,,,,,,,
,6595,1321.1082049,14193,1746881606.061989,0.0107421875,,,,,,,,,,,,,,,,,,,,,,,,,,,,,,,,,
,6638,1321.108692828,14268,1746881610.426605,,,,,,,,,,,,,,,,,,,,,,3.7351644,,,,,,,,,,,,
,6648,1321.10880326,14268,1746881610.427594,,,,,,,,,,,,,,,,,,,,0.0078125,,,,,,,,,,,,,,
,6667,1321.109015828,14343,1746881614.7900367,,,,,,,,,,,,,,,,,,,,,0.0030453438,,,,,,,,,,,,,
,6692,1321.109293967,14418,1746881619.1523137,,,152.0,,,,,,,,,,,,,,,,,,,,,,,,,,,,,,,
,6697,1321.109346834,14418,1746881619.152476,,,,,,,,,,,,,,,,,,,,,,,,,,,,,,5529600.0,,,,
,6719,1321.109629432,14418,1746881619.1550617,,,,,,,,,400.0,,,,,,,,,,,,,,,,,,,,,,,,,
,6751,1321.110447681,14493,1746881623.517694,,,,,,,,,,,,,,,,,,,0.0,,,,,,,,,,,,,,,
,6805,1321.111570706,14643,1746881632.2445087,0.015625,,,,,,,,,,,,,,,,,,,,,,,,,,,,,,,,,
,6808,1321.111606038,14643,1746881632.2445998,,,,,,,,,,,,,,,,,,,,,,,,,,,,,,,,,0.0031923128,
,6815,1321.111689839,14643,1746881632.2455335,,,,,,,,,,,,,,,,,,,,,,,,,,,,,0.002407185,,,,,
,6839,1321.111964036,14718,1746881636.609685,,,,,,,,,,,0.0003,,,,,,,,,,,,,,,,,,,,,,,
,6853,1321.112123038,14718,1746881636.610918,,,,,,,,,,,,,0.29955947,,,,,,,,,,,,,,,,,,,,,
,6910,1321.11277467,14868,1746881645.3382726,0.0043945312,,,,,,,,,,,,,,,,,,,,,,,,,,,,,,,,,
,6928,1321.112977233,14868,1746881645.339518,,,,,,,,,,,,,,,,,,,,0.0078125,,,,,,,,,,,,,,
,6936,1441.131700244,14943,1746881649.7008789,,,,,,,,,,120.0,,,,,,,,,,,,,,,,,,,,,,,,
,6938,1441.131728953,14943,1746881649.7009373,,,152.0,,,,,,,,,,,,,,,,,,,,,,,,,,,,,,,
,6943,1441.13179129,14943,1746881649.7011,,,,,,,,,,,,,,,,,,,,,,,,,,,,,,6604800.0,,,,
,6992,1441.132402819,15018,1746881654.0664127,,,,,,,0.4566929,,,,,,,,,,,,,,,,,,,,,,,,,,,
,7050,1441.133051403,15168,1746881662.7924135,,,,,,,,,,,0.0003,,,,,,,,,,,,,,,,,,,,,,,
,7062,1441.133191686,15168,1746881662.7933874,,,,,,,0.37795275,,,,,,,,,,,,,,,,,,,,,,,,,,,
,7076,1441.133349186,15243,1746881667.154569,,,,,,,,,,64.0,,,,,,,,,,,,,,,,,,,,,,,,
,7087,1441.133480401,15243,1746881667.1552992,,,,,,,,,,,,,,,,,,,,,,,,,,,0.0043945312,,,,,,,
,7153,1441.135226473,15393,1746881675.8813007,,,,,,,,,,,,,,,,,,,,,,,,,,,,,,7526400.0,,,,
,7159,1441.13529524,15393,1746881675.882224,,,,,,,,,,,,,,,,,,,,,,,,,,,,,,,,,0.0,
,7194,1441.135714631,15468,1746881680.2459202,,,,,,,,,,,,,,,,,,,,,,,,,,,,,,,,,0.00017690635,
,7243,1441.136271097,15543,1746881684.6101294,,,,,,,,,,,,,,,,,,,,,,,,,,,,,,,,0.0,,
,7246,1441.136305092,15543,1746881684.6102161,,,,,,,,,,,,,,,,,,,,,,,,0.0,,,,,,,,,,
,7262,1441.136490887,15618,1746881688.9710004,,,,,,,,,,,,,,,,,,,,,,,,,,,0.0087890625,,,,,,,
,7281,1441.136715137,15618,1746881688.9729984,,,,,,,,,,,,,,,,,,,,,,,,0.0,,,,,,,,,,
,7296,1561.163294832,15699,1746881812.7433205,0.0,,,,,,,,,,,,,,,,,,,,,,,,,,,,,,,,,
,7376,1561.16525855,15849,1746881821.4430025,,,,,,,,,,,,,,,,,,,,,,,,,,,,,7.037612e-05,,,,,
,7383,1561.165340892,15849,1746881821.444057,,,,,,,,,,,,,,,,,,,,,,,,,,,,,,,,0.0,,
,7400,1561.165546101,15924,1746881825.7899234,,,,,,,,,,,0.0003,,,,,,,,,,,,,,,,,,,,,,,
,7418,1561.165749721,15924,1746881825.7917693,,,,,,,,,,,,,,,,,,,,,,,,,,,,,,,,0.0,,
,7422,1561.165795977,15924,1746881825.7921214,,,,,,,,,,,,,,,,,,,,,,,,,,,,,,,0.0,,,
,7433,1561.165917088,15999,1746881830.1375928,,,,,,,,,,,,,,,,,,,,,,,,,,,,,,768000.0,,,,
,7450,1561.166109666,15999,1746881830.1393871,,,,,,,,,,,,,,,0.0,,,,,,,,,,,,,,,,,,,
,7464,1561.16627008,16074,1746881834.483989,,,,,,,,,,,,,,,,,,,,,,,,,,,,0.0,,,,,,
,7469,1561.166327112,16074,1746881834.4841583,,,,,,,,,,,,,,,,,,,,,,,,,0.0,,,,,,,,,
,7478,1561.166434059,16074,1746881834.4851427,,,,0.64297307,,,,,,,,,,,,,,,,,,,,,,,,,,,,,,
,7482,1561.166481518,16074,1746881834.485519,,,,,,,0.53543305,,,,,,,,,,,,,,,,,,,,,,,,,,,
,7522,1561.166936497,16149,1746881838.933345,,,,,,,,,,,,,,,,,,,0.0,,,,,,,,,,,,,,,
,7532,1561.167049378,16224,1746881843.279825,,0.0,,,,,,,,,,,,,,,,,,,,,,,,,,,,,,,,
,7540,1561.16713546,16224,1746881843.2800796,,,,,,,,,,,0.0003,,,,,,,,,,,,,,,,,,,,,,,
,7549,1561.167237274,16224,1746881843.2810571,,,,,,,,,,,,,,,,,,,,,,0.8441213,,,,,,,,,,,,
,7575,1561.167888649,16299,1746881847.627978,,,,,,,,,,,0.0003,,,,,,,,,,,,,,,,,,,,,,,
,7603,1561.168721771,16374,1746881851.9744344,,,128.0,,,,,,,,,,,,,,,,,,,,,,,,,,,,,,,
,7615,1561.168863809,16374,1746881851.975502,,,,,,,,,,,,,,,,1536000.0,,,,,,,,,,,,,,,,,,
,7629,1561.169028201,16374,1746881851.9768744,,,,,,,,,,,,,,,,,,,,0.0078125,,,,,,,,,,,,,,
,7638,1561.169130557,16449,1746881856.3216002,,,60.0,,,,,,,,,,,,,,,,,,,,,,,,,,,,,,,
,7642,1561.169174162,16449,1746881856.321721,,,,,,,,,,,,,,,,,4.0,,,,,,,,,,,,,,,,,
,7646,1561.169218739,16449,1746881856.3224585,0.0043945312,,,,,,,,,,,,,,,,,,,,,,,,,,,,,,,,,
,7660,1561.169376727,16449,1746881856.323449,,,,,,,,,,,,,,,0.0,,,,,,,,,,,,,,,,,,,
,7666,1561.16945215,16449,1746881856.3239412,,,,,,,,,,,,,,,,,,,,,,,,0.0,,,,,,,,,,
,7718,1561.170047166,16599,1746881865.0213096,,,,,,,,,,,,,,,,,,,,,0.008430219,,,,,,,,,,,,,
,7722,1561.170091811,16599,1746881865.0214264,,,,,,,,,,,,,,-0.0006310464,,,,,,,,,,,,,,,,,,,,
,7737,1561.17026413,16599,1746881865.0228744,,,,,,,,,,,,,,,,,,,,,,,,,,,,,,,0.009765625,,,
,7744,1561.170343551,16674,1746881869.3714535,,,,,,,,,,,,,,,,,,,,,,,,,,,,0.0,,,,,,
,7769,1561.170634486,16674,1746881869.373577,,,,,,,,,,,,,,,,,,,,0.0078125,,,,,,,,,,,,,,
,7803,1561.171022367,16749,1746881873.727311,,,,,,,,,,,,,,,,,,,,,,,,,,,,,,,,0.0,,
,7823,1561.171617405,16824,1746881878.0801456,,,,,,,,,,,,,,,,,,,,,0.007106531,,,,,,,,,,,,,
,7834,1561.17185204,16824,1746881878.0810795,,,,,,,,,,,,,0.14096916,,,,,,,,,,,,,,,,,,,,,
,7845,1561.172211452,16899,1746881882.432934,,,,,,,,,,,,,,,,,,1.4421957,,,,,,,,,,,,,,,,
,7848,1561.172288163,16899,1746881882.4330394,,,68.0,,,,,,,,,,,,,,,,,,,,,,,,,,,,,,,
,7859,1561.172657738,16899,1746881882.4341602,,,,,,,,,,,,,,,,,,,,,,,,,,,,,,,,,0.0,
,7873,1561.172819796,16899,1746881882.4355738,,,,,,,,,,,,,,,,,,,,,,,,,,,,,,,,0.0,,
,7875,1561.172842907,16899,1746881882.4356337,,,,,,,,,400.0,,,,,,,,,,,,,,,,,,,,,,,,,
,7888,1681.1939843,16974,1746881886.789189,,,,,,,,,,,,,,,,,,,,,,,,,,,,,,2764800.0,,,,
,7980,1681.195086326,17124,1746881895.5025086,,,,,,,,,400.0,,,,,,,,,,,,,,,,,,,,,,,,,
,8005,1681.195375255,17199,1746881899.858308,,,,,5.0797205,,,,,,,,,,,,,,,,,,,,,,,,,,,,,
,8007,1681.195402362,17199,1746881899.8583846,,,,,,,0.96062994,,,,,,,,,,,,,,,,,,,,,,,,,,,
,8049,1681.195920402,17274,1746881904.215482,,,,,,,,,,,,,,,,,,,,0.0078125,,,,,,,,,,,,,,
,8086,1681.196872792,17349,1746881908.5729756,,,,,,,,,,,,,,,,,,,,,,,,51.33789,,,,,,,,,,
,8099,1681.197168532,17424,1746881912.9275296,,,,,,,,,,,,,,,,,,,,,,,,,0.0,,,,,,,,,
,8143,1681.198018897,17499,1746881917.2859082,,,,0.8989295,,,,,,,,,,,,,,,,,,,,,,,,,,,,,,
,8169,1681.198337211,17574,1746881921.6425319,,,,,,,,,,,,,,,,,,,,,,,,,0.0,,,,,,,,,
,8181,1681.19849183,17574,1746881921.6438415,,,,,,,,,,,,,,,,,,,,,,,,,,,,,18.872467,,,,,
,8228,1681.19906515,17649,1746881926.0020616,,,,,,,,,,,,,,,,,,,,,,,,,,0.43285704,,,,,,,,
,8239,1681.199209445,17724,1746881930.3569007,,,,,,,,,,,,,,,,,,,,,,,,,0.0,,,,,,,,,
,8288,1681.199775782,17799,1746881934.7154884,,,,,,,,,,,,0.0,,,,,,,,,,,,,,,,,,,,,,
,8309,1681.200008238,17874,1746881939.070698,,,,,,,,,,,,,,,,,,,,,,,,,0.0,,,,,,,,,
,8321,1681.200143315,17874,1746881939.0722876,,,,,,,,,,,,,,,,,,,,,,,,,,,,,33.47143,,,,,
,8340,1681.200581661,17949,1746881943.427486,,,,,,104.0,,,,,,,,,,,,,,,,,,,,,,,,,,,,
,8349,1681.200753104,17949,1746881943.428636,,,,,,,,,,,,,,,,,,,,,,,,,,,,,,,,,0.0,
,8377,1681.20143369,18024,1746881947.7847857,,,,,,,,,,,,,,,,,4.0,,,,,,,,,,,,,,,,,
2400.0,8386,1681.20178371,18024,1746881947.7857182,,,,,,,,,,,,,,,,,,,,,,,,,,,,,,,,,,
,8406,1681.202020127,18099,1746881952.1413732,,,,,,,,,,208.0,,,,,,,,,,,,,,,,,,,,,,,,
2475.0,8421,1681.202197531,18099,1746881952.1424549,,,,,,,,,,,,,,,,,,,,,,,,,,,,,,,,,,
,8440,1681.202421966,18174,1746881956.4981666,,,,,,,,,,,,,,,,,,20.414806,,,,,,,,,,,,,,,,
,8441,1681.202433486,18174,1746881956.498206,,,,,,,,,,244.0,,,,,,,,,,,,,,,,,,,,,,,,
,8442,1681.202444869,18174,1746881956.498235,,0.0,,,,,,,,,,,,,,,,,,,,,,,,,,,,,,,,
2550.0,8456,1681.202601736,18174,1746881956.4992342,,,,,,,,,,,,,,,,,,,,,,,,,,,,,,,,,,
,8481,1681.202881705,18249,1746881960.856596,,,,,,,,,,,,,,,,,,,,,,,0.0,,,,,,,,,,,
,8537,1681.203511959,18324,1746881965.2165082,,,,,,,,,,,,,,,,,,,0.0,,,,,,,,,,,,,,,
,8549,1681.20364761,18399,1746881969.5721374,,,,,,,,,,,,,,,,,,,,,,,,,,,,0.0,,,,,,
,8571,1681.203890452,18399,1746881969.5743027,,,,,,,,0.49122807,,,,,,,,,,,,,,,,,,,,,,,,,,
,8582,1681.204021492,18474,1746881973.9303122,,0.0,,,,,,,,,,,,,,,,,,,,,,,,,,,,,,,,
,8584,1681.204042466,18474,1746881973.9303675,,,,,,,,,,,,,,,,,,,,,,,,,,,,0.0,,,,,,
,8586,1681.204064134,18474,1746881973.930431,,,,,,,,,,,,,,,,,,,,,,,0.0,,,,,,,,,,,
,8642,1681.205253823,18549,1746881978.2891548,,,,,,,,,,,,,,,,,,,0.0,,,,,,,,,,,,,,,
,8653,1681.205712293,18624,1746881982.6437995,,,48.0,,,,,,,,,,,,,,,,,,,,,,,,,,,,,,,
,8661,1681.205805548,18624,1746881982.6445203,0.19726562,,,,,,,,,,,,,,,,,,,,,,,,,,,,,,,,,
,8699,1681.206251078,18699,1746881987.0012393,,,,,,,,,,,,,,,,,,,,,,,,,,,,,,,,,0.0,
,8706,1681.206328138,18699,1746881987.0020375,,,,,,,,,,,,,,,,,,,,,,,,,,,,,35.704414,,,,,
,8722,1681.206515718,18774,1746881991.3577547,,0.0,,,,,,,,,,,,,,,,,,,,,,,,,,,,,,,,
,8764,1681.206999203,18849,1746881995.7154834,,,,,,,,,,,,,,,,,,,,,,,,,0.0,,,,,,,,,
,8785,1681.207241839,18849,1746881995.7175655,,,,,,,,,400.0,,,,,,,,,,,,,,,,,,,,,,,,,
,8810,1681.207526307,18924,1746882000.0740323,,,,,19.86113,,,,,,,,,,,,,,,,,,,,,,,,,,,,,
,8813,1681.207563561,18924,1746882000.0744965,,,,,,,,,,,,0.0,,,,,,,,,,,,,,,,,,,,,,
,8832,1681.20778241,18999,1746882004.430881,,,,,,,,,,,,,,,,,4.0,,,,,,,,,,,,,,,,,
,8848,1681.207965962,18999,1746882004.432423,,,,,,,,,,,,0.0,,,,,,,,,,,,,,,,,,,,,,
,8885,1801.231859739,19074,1746882008.7910879,,,,,,,,,,,,,0.13215858,,,,,,,,,,,,,,,,,,,,,
,8889,1801.231911218,19074,1746882008.7913942,,,,,,,,,,,,,,,,,,,,,,,,,,,,,,,,0.0,,
,8905,1801.232360829,19149,1746882013.1470962,,,,,,,,,,,,,,,,,,,,,,,,,0.0,,,,,,,,,
,8906,1801.232399078,19149,1746882013.1475563,,,,,,,,,,,0.0003,,,,,,,,,,,,,,,,,,,,,,,
,8909,1801.23247548,19149,1746882013.148125,,,,,,,,,,,,,,,,,,,,,0.019685872,,,,,,,,,,,,,
,8931,1801.233652262,19224,1746882017.5053139,,,,,,,,,,,,,,,,,,21.935228,,,,,,,,,,,,,,,,
,8937,1801.233726279,19224,1746882017.5055194,,,,,,,,,,,,,,,,,,,,,,,0.0,,,,,,,,,,,
,8959,1801.233996204,19224,1746882017.5075696,,,,,,,,,,,,,,,,,,,,,,,,,,,,,,,,0.0,,
,8960,1801.234008049,19224,1746882017.5075963,,,,,,,,,,,,,,,,,,,,0.0078125,,,,,,,,,,,,,,
,8996,1801.234433557,19299,1746882021.8656454,,,,,,,,,400.0,,,,,,,,,,,,,,,,,,,,,,,,,
,9050,1801.235043116,19449,1746882030.578314,,,,,,,,,,,,,,,,,,,,,,,,,,,,,,,,,0.0,
,9112,1921.260880137,19605,1746882159.6124122,,,,,,,,,,,,,,,,,,,,,,,0.0,,,,,,,,,,,
,9130,1921.261102889,19605,1746882159.6144521,,,,,,,,,,,,,0.096916296,,,,,,,,,,,,,,,,,,,,,
,9132,1921.261127692,19605,1746882159.614517,,,,,,,,0.7017544,,,,,,,,,,,,,,,,,,,,,,,,,,
,9134,1921.261153744,19605,1746882159.6145792,,,,,,,,,,,,,,,,,,,,,,,,,,,,,,,,0.0,,
,9150,1921.261335822,19680,1746882164.1018856,,,,,,,,,,,,,,,,,,,,,,,,,0.0,,,,,,,,,
,9169,1921.261566668,19680,1746882164.1040676,,,,,,,,,,,,,,,,,,,,,,,,,,,,,,,,0.0,,
,9175,1921.261635863,19755,1746882168.5933518,,,,,,,,,,,,,,,,,,,,,,,,,,,,,,,,,,-0.06356834
,9208,1921.262012742,19755,1746882168.5965164,,,,,,,,,,,,,,,,,,,,,,,,,,,,,,,0.0,,,
,9255,1921.262557309,19905,1746882177.572979,,,,,,,,,,,,,,,,,,,,,,,,,0.0,,,,,,,,,
,9287,1921.262922196,19980,1746882182.0587296,,,,,,,,,,,,,,,,,,,,,,,0.0,,,,,,,,,,,
,9318,1921.26329916,20055,1746882186.5432355,,0.0,,,,,,,,,,,,,,,,,,,,,,,,,,,,,,,,
,9337,1921.264191772,20055,1746882186.5450487,,,,,,,,,,,,,,,,,,,,,,,,,,,,,0.061916895,,,,,
,9345,1921.264403397,20055,1746882186.5453017,,,,,,,,,,,,,,,,,,,,0.0078125,,,,,,,,,,,,,,
,9366,1921.265080008,20130,1746882191.0273128,,,,,,,,,,,,,,,,1228800.0,,,,,,,,,,,,,,,,,,
,9395,1921.265422497,20205,1746882195.5088935,,,,,,,,,,,,,,,,,,,,,,,,,0.0,,,,,,,,,
,9412,1921.265621554,20205,1746882195.510709,,,,,,,,0.64912283,,,,,,,,,,,,,,,,,,,,,,,,,,
,9417,1921.265681679,20205,1746882195.511459,,,,,,,,,,,,,,,,,,,,,,,,0.0,,,,,,,,,,
,9421,1921.265731259,20280,1746882199.9918036,,,,,,,,,,,,,,,,,,0.56214404,,,,,,,,,,,,,,,,
,9653,1921.269304112,20730,1746882226.9130514,,,,,,,0.8031496,,,,,,,,,,,,,,,,,,,,,,,,,,,
,9664,1921.269433085,20730,1746882226.9140797,,,,,,,,,,,,,,,,,,,,,,,,,,0.4438184,,,,,,,,
,9670,1921.269499762,20805,1746882231.397651,,,,,,,,,,,,,,,,,,,,,,,,,,,,0.0,,,,,,
,9687,1921.269689592,20805,1746882231.3992257,,,,,,,,,,,,,,,,,,,,,,,,,,,,,34.06991,,,,,
,9718,1921.270036406,20880,1746882235.8852203,,,,,,,,,,,,,,-0.0033276575,,,,,,,,,,,,,,,,,,,,
,9729,1921.27015938,20880,1746882235.8863318,,,,,,,,,,,,,,,,,,,,,,,,,,,,,,,,0.0,,
,9745,1921.270335558,20955,1746882240.3706353,,,,,,,,,,,,,,,,,,,,,,,,,0.0,,,,,,,,,
,9759,1921.270502238,20955,1746882240.372187,,,,,,,,,,,,0.0,,,,,,,,,,,,,,,,,,,,,,
,9797,1921.270923527,21030,1746882244.8591473,,,,,,,,0.64912283,,,,,,,,,,,,,,,,,,,,,,,,,,
,9813,2041.291591983,21105,1746882249.3445816,,,,,,,,,,,,,,,,,5.0,,,,,,,,,,,,,,,,,
,9832,2041.291829453,21105,1746882249.3463902,,,,,,,,0.6140351,,,,,,,,,,,,,,,,,,,,,,,,,,
,9840,2041.291926588,21180,1746882253.8313365,,,,,,,,,,,,,,,,,,,,,,,,,,,,,,,,,,-4.8931055
,9871,2041.292284314,21180,1746882253.83414,,,,,,,,,400.0,,,,,,,,,,,,,,,,,,,,,,,,,
,9922,2041.292876953,21330,1746882262.808476,0.11621094,,,,,,,,,,,,,,,,,,,,,,,,,,,,,,,,,
,9942,2041.293108596,21330,1746882262.8104327,,,,,,,,,,,,,,,,,,,,,,,,131.29883,,,,,,,,,,
,9947,2041.293164095,21405,1746882267.2948716,,,,,,,,,,160.0,,,,,,,,,,,,,,,,,,,,,,,,
,9987,2041.294319,21480,1746882271.7820206,,,,,,,,,,,,,,,,,,,,,,,88.0,,,,,,,,,,,
,9990,2041.294565967,21480,1746882271.782116,,,,,,,,,,,,,,,,,,,,,,,,,0.0,,,,,,,,,
,10038,2041.295136117,21555,1746882276.2707365,,,,,,,0.62992126,,,,,,,,,,,,,,,,,,,,,,,,,,,
,10060,2041.295383009,21630,1746882280.7563467,,,,,,,,,,,,,,,,,,,,,,,,,0.0,,,,,,,,,
,10095,2041.295782679,21705,1746882285.2432694,,,,,,,,,,,,,,,,,,,,,,,,,0.0,,,,,,,,,
,10112,2041.295969306,21705,1746882285.2453752,,,,,,,,0.631579,,,,,,,,,,,,,,,,,,,,,,,,,,
,10145,2041.296337499,21780,1746882289.7326035,,,,,,,,,,,,,0.07929515,,,,,,,,,,,,,,,,,,,,,
,10153,2041.296430369,21780,1746882289.7334943,,,,,,,,,,,,,,,,,,,,,,,,,,,,,,,0.43945312,,,
,10165,2041.296570272,21855,1746882294.2183564,,,,,,,,,,,,,,,,,,,,,,,,,0.0,,,,,,,,,
,10168,2041.296605845,21855,1746882294.2188458,,,,,,,,,,,,,,,,,,,,,,,,,,,0.11328125,,,,,,,
,10182,2041.296763181,21855,1746882294.2202513,,,,,,,,0.6140351,,,,,,,,,,,,,,,,,,,,,,,,,,
,10203,2041.297495622,21930,1746882298.7073298,,,,,,,,,,,,,,,,,,,,,,,,,,,0.11621094,,,,,,,
,10215,2041.29807833,21930,1746882298.7083488,,,,,,,,,,,,,0.13215858,,,,,,,,,,,,,,,,,,,,,
,10267,2041.298689291,22080,1746882307.682765,,,,,,,,,,,,,,,,,,,,,,,180.0,,,,,,,,,,,
,10285,2041.298894215,22080,1746882307.6847959,,,,,,,,,,,,,0.11453744,,,,,,,,,,,,,,,,,,,,,
,10295,2041.299008781,22155,1746882312.16948,,,,,,,,,,,,,,,,,,,,,,,,,,,,,,,,,,-5.63066
,10348,2041.299608682,22230,1746882316.6585336,,,,,,,,,,,,,,-0.0039331634,,,,,,,,,,,,,,,,,,,,
,10357,2041.299719893,22230,1746882316.6594625,,,,,,,,0.631579,,,,,,,,,,,,,,,,,,,,,,,,,,
,10359,2041.299743918,22230,1746882316.6595201,,,,,,,,,,,,,,,,,,,,,,,,,,,,,,,,0.0,,
,10366,2041.299824432,22305,1746882321.144528,,,,,,,,,,,,,,,,,,35.877457,,,,,,,,,,,,,,,,
,10388,2041.300088381,22305,1746882321.1464572,,,,,,,0.72440946,,,,,,,,,,,,,,,,,,,,,,,,,,,
,10397,2041.300201464,22305,1746882321.1472526,,,,,,,,,,,,,,,,,,,,,,,,182.57812,,,,,,,,,,
,10404,2041.30028229,22380,1746882325.6317165,,,44.0,,,,,,,,,,,,,,,,,,,,,,,,,,,,,,,
,10409,2041.30033752,22380,1746882325.6323888,,,,,,,,,,,,,,,,,,,,,,,,,,,,,,5836800.0,,,,
,10412,2041.300373104,22380,1746882325.632578,0.171875,,,,,,,,,,,,,,,,,,,,,,,,,,,,,,,,,
,10446,2041.301128149,22455,1746882330.1199412,,,,,,,,,,,0.0003,,,,,,,,,,,,,,,,,,,,,,,
,10469,2041.301821093,22455,1746882330.1215363,,,,,,,,,,,,,,,,,,,,,,,,,,0.8582499,,,,,,,,
,10479,2041.302024128,22530,1746882334.6057863,,,,,,,,,,,,,,,,,,,,,,,,,,,,,,6144000.0,,,,
,10498,2041.302249209,22530,1746882334.6076477,,,,,,,,,,,,,,,,,,,0.8847926,,,,,,,,,,,,,,,
,10500,2041.302270798,22530,1746882334.6080217,,,,,,,,,,,,,,,,,,,,0.0078125,,,,,,,,,,,,,,
,10510,2041.302384004,22605,1746882339.093352,,,,,,,,,,,,,,,,,,,,,,,,,,,,0.0,,,,,,
,10516,2041.3024548,22605,1746882339.093829,,,,,,,,,,,0.0003,,,,,,,,,,,,,,,,,,,,,,,
3075.0,10522,2041.302524661,22605,1746882339.0945005,,,,,,,,,,,,,,,,,,,,,,,,,,,,,,,,,,
,10530,2041.302618867,22605,1746882339.095367,,,,,,,,,,,,,0.14096916,,,,,,,,,,,,,,,,,,,,,
,10541,2041.302745587,22680,1746882343.580723,,,,,,,,,,,,,,,,,,34.78744,,,,,,,,,,,,,,,,
,10568,2041.303050107,22680,1746882343.5831225,,,,,,,,,,,,,,,,,,,0.90322584,,,,,,,,,,,,,,,
,10620,2041.303635558,22830,1746882352.6606421,,,,,,,,,,,,,,,,,,,,,,,,,0.0,,,,,,,,,
,10657,2041.304232381,22905,1746882357.1479678,0.15820312,,,,,,,,,,,,,,,,,,,,,,,,,,,,,,,,,
,10671,2041.304519972,22905,1746882357.1490479,,,,,,,,,,,,,,,0.0,,,,,,,,,,,,,,,,,,,
,10712,2041.305508179,22980,1746882361.6365106,,,,,,,,,,,,,,,,,,,,,,,,197.50977,,,,,,,,,,
,10718,2149.049322397,23055,1746882366.1209302,,,,,,,,,,,,,,,,,,34.288258,,,,,,,,,,,,,,,,
,10727,2149.049322397,23055,1746882366.121213,,,,,,,,,,,,,,,,,,,,,,,,,0.0,,,,,,,,,
,10784,2149.049322397,23130,1746882370.6099281,,,,,,,,,,,,,,,,,,,,,,,,196.26953,,,,,,,,,,
,10869,2149.049322397,23355,1746882384.0693367,0.15283203,,,,,,,,,,,,,,,,,,,,,,,,,,,,,,,,,
,10882,2149.049322397,23355,1746882384.0706613,,,,,,,,,,,,,0.13215858,,,,,,,,,,,,,,,,,,,,,
,10885,2149.049322397,23355,1746882384.07076,,,,,,,,,,,,,,,,,,,0.90322584,,,,,,,,,,,,,,,
,10887,2149.049322397,23355,1746882384.071394,,,,,,,,,,,,,,,,,,,,0.0078125,,,,,,,,,,,,,,
,10899,2149.049322397,23430,1746882388.5562785,,,,,,,,,,,,,,,,,,,,,,,200.0,,,,,,,,,,,
,10919,2149.049322397,23430,1746882388.558091,,,,,,,,0.68421054,,,,,,,,,,,,,,,,,,,,,,,,,,
